-- phpMyAdmin SQL Dump
-- version 5.2.1
-- https://www.phpmyadmin.net/
--
-- Host: 127.0.0.1:3306
-- Generation Time: Jan 20, 2025 at 01:38 PM
-- Server version: 9.1.0
-- PHP Version: 8.1.31

SET SQL_MODE = "NO_AUTO_VALUE_ON_ZERO";
START TRANSACTION;
SET time_zone = "+00:00";


/*!40101 SET @OLD_CHARACTER_SET_CLIENT=@@CHARACTER_SET_CLIENT */;
/*!40101 SET @OLD_CHARACTER_SET_RESULTS=@@CHARACTER_SET_RESULTS */;
/*!40101 SET @OLD_COLLATION_CONNECTION=@@COLLATION_CONNECTION */;
/*!40101 SET NAMES utf8mb4 */;

--
-- Database: `api_pro`
--

-- --------------------------------------------------------

--
-- Table structure for table `api_token_logs`
--

DROP TABLE IF EXISTS `api_token_logs`;
CREATE TABLE IF NOT EXISTS `api_token_logs` (
  `id` bigint UNSIGNED NOT NULL AUTO_INCREMENT,
  `uid` varchar(50) COLLATE utf8mb4_unicode_ci NOT NULL,
  `token` text COLLATE utf8mb4_unicode_ci NOT NULL,
  `is_active` tinyint NOT NULL DEFAULT '1',
  `ip` varchar(50) COLLATE utf8mb4_unicode_ci NOT NULL,
  `created_at` datetime NOT NULL,
  `created_by` varchar(50) COLLATE utf8mb4_unicode_ci NOT NULL,
  `updated_at` datetime DEFAULT NULL,
  `updated_by` varchar(50) COLLATE utf8mb4_unicode_ci DEFAULT NULL,
  PRIMARY KEY (`id`)
) ENGINE=MyISAM AUTO_INCREMENT=12 DEFAULT CHARSET=utf8mb4 COLLATE=utf8mb4_unicode_ci;

--
-- Dumping data for table `api_token_logs`
--

INSERT INTO `api_token_logs` (`id`, `uid`, `token`, `is_active`, `ip`, `created_at`, `created_by`, `updated_at`, `updated_by`) VALUES
(1, 'USR000001', 'eyJ0eXAiOiJKV1QiLCJhbGciOiJIUzI1NiJ9.eyJyaWQiOiJlMzQ1YmQzMy1hNWZlLTQ3ZjUtODM5Ny1mNTU3MDRlNzgzMGMiLCJ1aWQiOiJVU1IwMDAwMDEiLCJ1cnQiOiIyIiwiaXAiOiIxMjcuMC4wLjEiLCJsb2dnZWRfaW5fYXQiOiIyMDI1LTAxLTAyIDE3OjM4OjAyIn0.OvRpjBgryTNBMs2HWTlfuAnuuKd8tgnQoojJ_QgkN6s', 1, '127.0.0.1', '2025-01-02 17:38:02', 'USR000001', '2025-01-02 17:38:02', NULL),
(2, 'USR000001', 'eyJ0eXAiOiJKV1QiLCJhbGciOiJIUzI1NiJ9.eyJyaWQiOiI1ZTkyOTdjZC01OWVmLTRkZmYtYTFlNC1iOGViZmIwMDk4ZWMiLCJ1aWQiOiJVU1IwMDAwMDEiLCJ1cnQiOiIyIiwiaXAiOiIxMjcuMC4wLjEiLCJsb2dnZWRfaW5fYXQiOiIyMDI1LTAxLTAyIDE3OjQwOjQ1In0.ZlgAWRn7cuPHc_qbTXMro8P53qXFeqZ-Ymtw3ziMaKQ', 1, '127.0.0.1', '2025-01-02 17:40:45', 'USR000001', '2025-01-02 17:40:45', NULL),
(3, 'USR000001', 'eyJ0eXAiOiJKV1QiLCJhbGciOiJIUzI1NiJ9.eyJyaWQiOiI0NjQ0Mzc3Yi03YTNhLTQ0ZTMtODU0Yy0wNTg4NTc2M2U5MWEiLCJ1aWQiOiJVU1IwMDAwMDEiLCJ1cnQiOiIyIiwiaXAiOiIxMjcuMC4wLjEiLCJsb2dnZWRfaW5fYXQiOiIyMDI1LTAxLTAyIDE3OjQxOjEyIn0.qjkMnKEmzmptOqr--FlgaPCz456OgJfQPfo8orA73ZY', 1, '127.0.0.1', '2025-01-02 17:41:12', 'USR000001', '2025-01-02 17:41:12', NULL),
(4, 'ADM000001', 'eyJ0eXAiOiJKV1QiLCJhbGciOiJIUzI1NiJ9.eyJyaWQiOiJmN2E5Mjc5NS1mZWQ4LTQ4ZTYtYjc2YS00YjE2ZTFjYmFjN2UiLCJ1aWQiOiJBRE0wMDAwMDEiLCJ1cnQiOiIxIiwiaXAiOiIxMjcuMC4wLjEiLCJsb2dnZWRfaW5fYXQiOiIyMDI1LTAxLTAzIDEzOjE1OjExIn0.e59-YL9II_wBs3DvxlSx-J4j6DXxLJGIyaqEWUP_Sy8', 1, '127.0.0.1', '2025-01-03 13:15:11', 'ADM000001', '2025-01-03 13:15:11', NULL),
(5, 'USR000001', 'eyJ0eXAiOiJKV1QiLCJhbGciOiJIUzI1NiJ9.eyJyaWQiOiI5ZWZkM2JmZi01ODMzLTQ4NzUtYmQ0OC1kNWQzMzU0MGRlYTUiLCJ1aWQiOiJVU1IwMDAwMDEiLCJ1cnQiOiIyIiwiaXAiOiIxMjcuMC4wLjEiLCJsb2dnZWRfaW5fYXQiOiIyMDI1LTAxLTIwIDExOjEyOjIwIn0.unoUWWb3_eQcRO_FBceP3_n23ArHXTR_2Al6YbF68a8', 1, '127.0.0.1', '2025-01-20 11:12:20', 'USR000001', '2025-01-20 11:12:20', NULL),
(6, 'ADM000001', 'eyJ0eXAiOiJKV1QiLCJhbGciOiJIUzI1NiJ9.eyJyaWQiOiJiZjQ2MjBmYS01MWFkLTQwOWItODk5My04ZmFjNTcxYjFiYjciLCJ1aWQiOiJBRE0wMDAwMDEiLCJ1cnQiOiIxIiwiaXAiOiIxMjcuMC4wLjEiLCJsb2dnZWRfaW5fYXQiOiIyMDI1LTAxLTIwIDExOjM2OjAwIn0.6B768HJQ-Q7GkAsHSLnkYtUW-tij06LBla8XIbnzqk8', 1, '127.0.0.1', '2025-01-20 11:36:00', 'ADM000001', '2025-01-20 11:36:00', NULL),
(7, 'USR000001', 'eyJ0eXAiOiJKV1QiLCJhbGciOiJIUzI1NiJ9.eyJyaWQiOiIwMjRiNjgwYy05MDQzLTQxMmUtOTlhMy1jMGZkNTMxNzhiMzciLCJ1aWQiOiJVU1IwMDAwMDEiLCJ1cnQiOiIyIiwiaXAiOiIxMjcuMC4wLjEiLCJsb2dnZWRfaW5fYXQiOiIyMDI1LTAxLTIwIDExOjQwOjU2In0.mW5g6U244lvZOxRrTAp0lxbm-r57uWz9jjUExhDRBA8', 0, '127.0.0.1', '2025-01-20 11:40:56', 'USR000001', '2025-01-20 11:41:08', 'USR000001'),
(8, 'USR000001', 'eyJ0eXAiOiJKV1QiLCJhbGciOiJIUzI1NiJ9.eyJyaWQiOiIwMzU3MzA0My00MjljLTRjYzEtYTE1Ny00YTdkMWQ1NzdiMmUiLCJ1aWQiOiJVU1IwMDAwMDEiLCJ1cnQiOiIyIiwiaXAiOiIxMjcuMC4wLjEiLCJsb2dnZWRfaW5fYXQiOiIyMDI1LTAxLTIwIDExOjQ5OjA5In0.KhnIl25_tJogzZSuJcPiwgd1AM3arAPDburrmk9qN5w', 1, '127.0.0.1', '2025-01-20 11:49:09', 'USR000001', '2025-01-20 11:49:09', NULL),
(9, 'USR000001', 'eyJ0eXAiOiJKV1QiLCJhbGciOiJIUzI1NiJ9.eyJyaWQiOiIzNTA3MGI1Yi05Njc5LTRkMjEtYWZmZi0yMDczZjI3MDcwZTIiLCJ1aWQiOiJVU1IwMDAwMDEiLCJ1cnQiOiIyIiwiaXAiOiIxMjcuMC4wLjEiLCJsb2dnZWRfaW5fYXQiOiIyMDI1LTAxLTIwIDExOjU5OjE3In0.DC0aE15kjquOyqn4OiAB_Y5tYtE43aLvblWRbqbEK-Y', 1, '127.0.0.1', '2025-01-20 11:59:17', 'USR000001', '2025-01-20 11:59:17', NULL),
(10, 'USR000001', 'eyJ0eXAiOiJKV1QiLCJhbGciOiJIUzI1NiJ9.eyJyaWQiOiJiMjJjMjNmYy1lNWI0LTQzZGMtYmI4Yy00MDAzNzYwYmQyYWYiLCJ1aWQiOiJVU1IwMDAwMDEiLCJ1cnQiOiIyIiwiaXAiOiIxMjcuMC4wLjEiLCJsb2dnZWRfaW5fYXQiOiIyMDI1LTAxLTIwIDE0OjAwOjMzIn0.S5or94KgWX9cHzhBa3tZ72LK8XJGJHIXx7zequCVTg8', 1, '127.0.0.1', '2025-01-20 14:00:33', 'USR000001', '2025-01-20 14:00:33', NULL),
(11, 'USR000001', 'eyJ0eXAiOiJKV1QiLCJhbGciOiJIUzI1NiJ9.eyJyaWQiOiJhZDU1OGQ0Yi0xNWIyLTRlZTItYmMxOC04ODVjNjI2ZGJjZTMiLCJ1aWQiOiJVU1IwMDAwMDEiLCJ1cnQiOiIyIiwiaXAiOiIxMjcuMC4wLjEiLCJsb2dnZWRfaW5fYXQiOiIyMDI1LTAxLTIwIDE0OjAwOjQwIn0.ciQ-ppH4-KjWhsrubRNy8qN3V5WORdh3MT6NvlJ5_5k', 1, '127.0.0.1', '2025-01-20 14:00:40', 'USR000001', '2025-01-20 14:00:40', NULL);

-- --------------------------------------------------------

--
-- Table structure for table `migrations`
--

DROP TABLE IF EXISTS `migrations`;
CREATE TABLE IF NOT EXISTS `migrations` (
  `id` int UNSIGNED NOT NULL AUTO_INCREMENT,
  `migration` varchar(191) COLLATE utf8mb4_unicode_ci NOT NULL,
  `batch` int NOT NULL,
  PRIMARY KEY (`id`)
) ENGINE=MyISAM AUTO_INCREMENT=14 DEFAULT CHARSET=utf8mb4 COLLATE=utf8mb4_unicode_ci;

--
-- Dumping data for table `migrations`
--

INSERT INTO `migrations` (`id`, `migration`, `batch`) VALUES
(1, '2014_10_12_000000_create_users_table', 1),
(2, '2019_12_14_000001_create_personal_access_tokens_table', 1),
(3, '2024_11_25_100446_create_rest_api_logs_table', 1),
(4, '2024_11_27_145205_create_api_token_logs_table', 1),
(5, '2024_11_27_153123_create_roles_table', 1),
(6, '2024_12_05_164120_create_temp_user_registrations_table', 2),
(7, '2024_12_06_123704_create_notification_configs_table', 3),
(8, '2024_12_06_123718_create_notification_config_associations_table', 4),
(9, '2024_12_09_124955_create_system_configs_table', 5),
(13, '2024_12_24_154846_create_notification_logs_table', 6);

-- --------------------------------------------------------

--
-- Table structure for table `notification_configs`
--

DROP TABLE IF EXISTS `notification_configs`;
CREATE TABLE IF NOT EXISTS `notification_configs` (
  `notify_id` bigint UNSIGNED NOT NULL AUTO_INCREMENT,
  `event_code` varchar(20) COLLATE utf8mb4_unicode_ci NOT NULL,
  `event_name` varchar(150) COLLATE utf8mb4_unicode_ci NOT NULL,
  `event_description` text COLLATE utf8mb4_unicode_ci NOT NULL,
  `is_active` tinyint NOT NULL DEFAULT '1',
  `created_at` timestamp NULL DEFAULT NULL,
  `updated_at` timestamp NULL DEFAULT NULL,
  PRIMARY KEY (`notify_id`)
) ENGINE=MyISAM AUTO_INCREMENT=3 DEFAULT CHARSET=utf8mb4 COLLATE=utf8mb4_unicode_ci;

--
-- Dumping data for table `notification_configs`
--

INSERT INTO `notification_configs` (`notify_id`, `event_code`, `event_name`, `event_description`, `is_active`, `created_at`, `updated_at`) VALUES
(1, 'NEWREG', 'New User Registration OTP', 'New User Registration OTP', 1, '2024-12-23 12:15:24', NULL),
(2, 'LGNOTP', 'User Login OTP', 'User Login OTP', 1, '2024-12-23 12:15:24', NULL);

-- --------------------------------------------------------

--
-- Table structure for table `notification_config_associations`
--

DROP TABLE IF EXISTS `notification_config_associations`;
CREATE TABLE IF NOT EXISTS `notification_config_associations` (
  `notify_assoc_id` bigint UNSIGNED NOT NULL AUTO_INCREMENT,
  `notify_id` varchar(191) COLLATE utf8mb4_unicode_ci NOT NULL,
  `notify_on` enum('EMAIL','SMS') COLLATE utf8mb4_unicode_ci NOT NULL DEFAULT 'EMAIL',
  `op1` varchar(150) COLLATE utf8mb4_unicode_ci DEFAULT NULL COMMENT 'notification sent from ',
  `op2` varchar(150) COLLATE utf8mb4_unicode_ci DEFAULT NULL,
  `op3` varchar(150) COLLATE utf8mb4_unicode_ci DEFAULT NULL,
  `op4` varchar(150) COLLATE utf8mb4_unicode_ci DEFAULT NULL,
  `op5` varchar(150) COLLATE utf8mb4_unicode_ci DEFAULT NULL,
  `content` text COLLATE utf8mb4_unicode_ci NOT NULL,
  `is_active` tinyint NOT NULL DEFAULT '1',
  `created_at` timestamp NULL DEFAULT NULL,
  `updated_at` timestamp NULL DEFAULT NULL,
  PRIMARY KEY (`notify_assoc_id`)
) ENGINE=MyISAM AUTO_INCREMENT=3 DEFAULT CHARSET=utf8mb4 COLLATE=utf8mb4_unicode_ci;

--
-- Dumping data for table `notification_config_associations`
--

INSERT INTO `notification_config_associations` (`notify_assoc_id`, `notify_id`, `notify_on`, `op1`, `op2`, `op3`, `op4`, `op5`, `content`, `is_active`, `created_at`, `updated_at`) VALUES
(1, '1', 'EMAIL', 'no-reply@test.com', 'One time password (OTP) for registration verification', NULL, NULL, NULL, '<!DOCTYPE html>\r\n<html>\r\n  <head>\r\n    <meta charset=\"UTF-8\">\r\n    <title>FFG Email Verification</title>\r\n    <link href=\"https://fonts.googleapis.com/css?family=NTR&display=swap\" rel=\"stylesheet\">\r\n    <style>\r\n      body {\r\n        background-color: #0F172A;\r\n        font-family: \'NTR\', sans-serif;\r\n        color: white;\r\n        margin: 0;\r\n        padding: 0;\r\n      }\r\n      .container {\r\n        max-width: 600px;\r\n        margin: auto;\r\n        background-color: #1E293F;\r\n        padding: 30px;\r\n        border-radius: 10px;\r\n        box-shadow: 0px 0px 10px rgba(0, 0, 0, 0.25);\r\n      }\r\n      h1 {\r\n        text-align: center;\r\n        margin-top: 0;\r\n        margin-bottom: 20px;\r\n      }\r\n      p {\r\n        margin-top: 0;\r\n        margin-bottom: 20px;\r\n      }\r\n      .otp {\r\n        font-size: 24px;\r\n        text-align: center;\r\n        margin-top: 30px;\r\n        margin-bottom: 30px;\r\n        padding: 10px;\r\n        background-color: #2D3A5E;\r\n        border-radius: 5px;\r\n        box-shadow: 0px 0px 5px rgba(0, 0, 0, 0.25);\r\n      }\r\n      .footer {\r\n        text-align: center;\r\n        font-size: 14px;\r\n      }\r\n    </style>\r\n  </head>\r\n  <body>\r\n    <div class=\"container\">\r\n      <h1>New Registration Verification</h1>\r\n      <p>Hi $USER$,</p>\r\n      <p>Thank you for signing up on $BRAND_NAME$ ! We\'re excited to have you on board and will be happy to help you set everything up.</p>\r\n      <div class=\"otp\">$OTP$</div>\r\n      <p>The $BRAND_NAME$ Team</p>\r\n      <p class=\"footer\">If you didn\'t create this account or have authentication-related issues, please let us know by replying to this email.</p>\r\n    </div>\r\n  </body>\r\n</html>', 1, NULL, NULL),
(2, '2', 'EMAIL', 'no-reply@test.com', 'Your One-Time Password (OTP) for Login', NULL, NULL, NULL, '<!DOCTYPE html>\r\n<html>\r\n  <head>\r\n    <meta charset=\"UTF-8\">\r\n    <title>Email Verification</title>\r\n    <link href=\"https://fonts.googleapis.com/css?family=NTR&display=swap\" rel=\"stylesheet\">\r\n    <style>\r\n      body {\r\n        background-color: #0F172A;\r\n        font-family: \'NTR\', sans-serif;\r\n        color: white;\r\n        margin: 0;\r\n        padding: 0;\r\n      }\r\n      .container {\r\n        max-width: 600px;\r\n        margin: auto;\r\n        background-color: #1E293F;\r\n        padding: 30px;\r\n        border-radius: 10px;\r\n        box-shadow: 0px 0px 10px rgba(0, 0, 0, 0.25);\r\n      }\r\n      h1 {\r\n        text-align: center;\r\n        margin-top: 0;\r\n        margin-bottom: 20px;\r\n      }\r\n      p {\r\n        margin-top: 0;\r\n        margin-bottom: 20px;\r\n      }\r\n      .otp {\r\n        font-size: 24px;\r\n        text-align: center;\r\n        margin-top: 30px;\r\n        margin-bottom: 30px;\r\n        padding: 10px;\r\n        background-color: #2D3A5E;\r\n        border-radius: 5px;\r\n        box-shadow: 0px 0px 5px rgba(0, 0, 0, 0.25);\r\n      }\r\n      .footer {\r\n        text-align: center;\r\n        font-size: 14px;\r\n      }\r\n    </style>\r\n  </head>\r\n  <body>\r\n    <div class=\"container\">\r\n      <h1>Login Verification</h1>\r\n      <p>Hi $USER$,</p>\r\n      <p>Your one-time password (OTP) for logging into your $BRAND_NAME$ account is:</p>\r\n      <div class=\"otp\">$OTP$</div>\r\n    \r\n      <p >This OTP is valid for the next **10 minutes**. Please do not share this code with anyone for your account\'s security.\r\n</p>\r\n<p>If you did not request this OTP, please ignore this message or contact our support team immediately.\r\n</p>\r\n<br>\r\n<p>Thank You</p>\r\n  <p>The $BRAND_NAME$ Team</p>\r\n    </div>\r\n  </body>\r\n</html>', 1, NULL, NULL);

-- --------------------------------------------------------

--
-- Table structure for table `notification_logs`
--

DROP TABLE IF EXISTS `notification_logs`;
CREATE TABLE IF NOT EXISTS `notification_logs` (
  `id` bigint UNSIGNED NOT NULL AUTO_INCREMENT,
  `uid` varchar(50) COLLATE utf8mb4_unicode_ci DEFAULT NULL,
  `notify_id` varchar(10) COLLATE utf8mb4_unicode_ci NOT NULL,
  `notify_assoc_id` varchar(10) COLLATE utf8mb4_unicode_ci NOT NULL,
  `sent_on` varchar(100) COLLATE utf8mb4_unicode_ci NOT NULL,
  `identifier` varchar(100) COLLATE utf8mb4_unicode_ci NOT NULL,
  `extra_identifier` varchar(100) COLLATE utf8mb4_unicode_ci DEFAULT NULL,
  `otp` varchar(10) COLLATE utf8mb4_unicode_ci NOT NULL,
  `content` text COLLATE utf8mb4_unicode_ci NOT NULL,
  `attemp` int NOT NULL DEFAULT '1',
  `is_valid` tinyint NOT NULL DEFAULT '1',
  `created_at` datetime NOT NULL,
  `updated_at` datetime DEFAULT NULL,
  PRIMARY KEY (`id`)
) ENGINE=MyISAM AUTO_INCREMENT=11 DEFAULT CHARSET=utf8mb4 COLLATE=utf8mb4_unicode_ci;

--
-- Dumping data for table `notification_logs`
--

INSERT INTO `notification_logs` (`id`, `uid`, `notify_id`, `notify_assoc_id`, `sent_on`, `identifier`, `extra_identifier`, `otp`, `content`, `attemp`, `is_valid`, `created_at`, `updated_at`) VALUES
(1, NULL, '1', '1', 'ravi.verma+1@ciphersquare.tech', '120117458998012025', 'REG20250102121701Q67BUF', '846881', '<!DOCTYPE html>\r\n<html>\r\n  <head>\r\n    <meta charset=\"UTF-8\">\r\n    <title>FFG Email Verification</title>\r\n    <link href=\"https://fonts.googleapis.com/css?family=NTR&display=swap\" rel=\"stylesheet\">\r\n    <style>\r\n      body {\r\n        background-color: #0F172A;\r\n        font-family: \'NTR\', sans-serif;\r\n        color: white;\r\n        margin: 0;\r\n        padding: 0;\r\n      }\r\n      .container {\r\n        max-width: 600px;\r\n        margin: auto;\r\n        background-color: #1E293F;\r\n        padding: 30px;\r\n        border-radius: 10px;\r\n        box-shadow: 0px 0px 10px rgba(0, 0, 0, 0.25);\r\n      }\r\n      h1 {\r\n        text-align: center;\r\n        margin-top: 0;\r\n        margin-bottom: 20px;\r\n      }\r\n      p {\r\n        margin-top: 0;\r\n        margin-bottom: 20px;\r\n      }\r\n      .otp {\r\n        font-size: 24px;\r\n        text-align: center;\r\n        margin-top: 30px;\r\n        margin-bottom: 30px;\r\n        padding: 10px;\r\n        background-color: #2D3A5E;\r\n        border-radius: 5px;\r\n        box-shadow: 0px 0px 5px rgba(0, 0, 0, 0.25);\r\n      }\r\n      .footer {\r\n        text-align: center;\r\n        font-size: 14px;\r\n      }\r\n    </style>\r\n  </head>\r\n  <body>\r\n    <div class=\"container\">\r\n      <h1>New Registration Verification</h1>\r\n      <p>Hi Ravi,</p>\r\n      <p>Thank you for signing up on CRM Portal ! We\'re excited to have you on board and will be happy to help you set everything up.</p>\r\n      <div class=\"otp\">846881</div>\r\n      <p>The CRM Portal Team</p>\r\n      <p class=\"footer\">If you didn\'t create this account or have authentication-related issues, please let us know by replying to this email.</p>\r\n    </div>\r\n  </body>\r\n</html>', 1, 1, '2025-01-02 12:17:01', NULL),
(2, NULL, '1', '1', 'ravi.verma+1@ciphersquare.tech', '120156636673092025', 'REG20250102125609YRDFSG', '575112', '<!DOCTYPE html>\r\n<html>\r\n  <head>\r\n    <meta charset=\"UTF-8\">\r\n    <title>FFG Email Verification</title>\r\n    <link href=\"https://fonts.googleapis.com/css?family=NTR&display=swap\" rel=\"stylesheet\">\r\n    <style>\r\n      body {\r\n        background-color: #0F172A;\r\n        font-family: \'NTR\', sans-serif;\r\n        color: white;\r\n        margin: 0;\r\n        padding: 0;\r\n      }\r\n      .container {\r\n        max-width: 600px;\r\n        margin: auto;\r\n        background-color: #1E293F;\r\n        padding: 30px;\r\n        border-radius: 10px;\r\n        box-shadow: 0px 0px 10px rgba(0, 0, 0, 0.25);\r\n      }\r\n      h1 {\r\n        text-align: center;\r\n        margin-top: 0;\r\n        margin-bottom: 20px;\r\n      }\r\n      p {\r\n        margin-top: 0;\r\n        margin-bottom: 20px;\r\n      }\r\n      .otp {\r\n        font-size: 24px;\r\n        text-align: center;\r\n        margin-top: 30px;\r\n        margin-bottom: 30px;\r\n        padding: 10px;\r\n        background-color: #2D3A5E;\r\n        border-radius: 5px;\r\n        box-shadow: 0px 0px 5px rgba(0, 0, 0, 0.25);\r\n      }\r\n      .footer {\r\n        text-align: center;\r\n        font-size: 14px;\r\n      }\r\n    </style>\r\n  </head>\r\n  <body>\r\n    <div class=\"container\">\r\n      <h1>New Registration Verification</h1>\r\n      <p>Hi Ravi,</p>\r\n      <p>Thank you for signing up on CRM Portal ! We\'re excited to have you on board and will be happy to help you set everything up.</p>\r\n      <div class=\"otp\">575112</div>\r\n      <p>The CRM Portal Team</p>\r\n      <p class=\"footer\">If you didn\'t create this account or have authentication-related issues, please let us know by replying to this email.</p>\r\n    </div>\r\n  </body>\r\n</html>', 1, 1, '2025-01-02 12:56:10', NULL),
(3, NULL, '1', '1', 'ravi.verma+1@ciphersquare.tech', '130108472441162025', 'REG20250102010816LWW67X', '402653', '<!DOCTYPE html>\r\n<html>\r\n  <head>\r\n    <meta charset=\"UTF-8\">\r\n    <title>FFG Email Verification</title>\r\n    <link href=\"https://fonts.googleapis.com/css?family=NTR&display=swap\" rel=\"stylesheet\">\r\n    <style>\r\n      body {\r\n        background-color: #0F172A;\r\n        font-family: \'NTR\', sans-serif;\r\n        color: white;\r\n        margin: 0;\r\n        padding: 0;\r\n      }\r\n      .container {\r\n        max-width: 600px;\r\n        margin: auto;\r\n        background-color: #1E293F;\r\n        padding: 30px;\r\n        border-radius: 10px;\r\n        box-shadow: 0px 0px 10px rgba(0, 0, 0, 0.25);\r\n      }\r\n      h1 {\r\n        text-align: center;\r\n        margin-top: 0;\r\n        margin-bottom: 20px;\r\n      }\r\n      p {\r\n        margin-top: 0;\r\n        margin-bottom: 20px;\r\n      }\r\n      .otp {\r\n        font-size: 24px;\r\n        text-align: center;\r\n        margin-top: 30px;\r\n        margin-bottom: 30px;\r\n        padding: 10px;\r\n        background-color: #2D3A5E;\r\n        border-radius: 5px;\r\n        box-shadow: 0px 0px 5px rgba(0, 0, 0, 0.25);\r\n      }\r\n      .footer {\r\n        text-align: center;\r\n        font-size: 14px;\r\n      }\r\n    </style>\r\n  </head>\r\n  <body>\r\n    <div class=\"container\">\r\n      <h1>New Registration Verification</h1>\r\n      <p>Hi Ravi,</p>\r\n      <p>Thank you for signing up on CRM Portal ! We\'re excited to have you on board and will be happy to help you set everything up.</p>\r\n      <div class=\"otp\">402653</div>\r\n      <p>The CRM Portal Team</p>\r\n      <p class=\"footer\">If you didn\'t create this account or have authentication-related issues, please let us know by replying to this email.</p>\r\n    </div>\r\n  </body>\r\n</html>', 1, 0, '2025-01-02 17:49:16', '2025-01-02 17:35:27'),
(4, NULL, '1', '1', 'ravi.verma+2@ciphersquare.tech', '130117751777402025', 'REG20250103011740XLDVKH', '864095', '<!DOCTYPE html>\r\n<html>\r\n  <head>\r\n    <meta charset=\"UTF-8\">\r\n    <title>FFG Email Verification</title>\r\n    <link href=\"https://fonts.googleapis.com/css?family=NTR&display=swap\" rel=\"stylesheet\">\r\n    <style>\r\n      body {\r\n        background-color: #0F172A;\r\n        font-family: \'NTR\', sans-serif;\r\n        color: white;\r\n        margin: 0;\r\n        padding: 0;\r\n      }\r\n      .container {\r\n        max-width: 600px;\r\n        margin: auto;\r\n        background-color: #1E293F;\r\n        padding: 30px;\r\n        border-radius: 10px;\r\n        box-shadow: 0px 0px 10px rgba(0, 0, 0, 0.25);\r\n      }\r\n      h1 {\r\n        text-align: center;\r\n        margin-top: 0;\r\n        margin-bottom: 20px;\r\n      }\r\n      p {\r\n        margin-top: 0;\r\n        margin-bottom: 20px;\r\n      }\r\n      .otp {\r\n        font-size: 24px;\r\n        text-align: center;\r\n        margin-top: 30px;\r\n        margin-bottom: 30px;\r\n        padding: 10px;\r\n        background-color: #2D3A5E;\r\n        border-radius: 5px;\r\n        box-shadow: 0px 0px 5px rgba(0, 0, 0, 0.25);\r\n      }\r\n      .footer {\r\n        text-align: center;\r\n        font-size: 14px;\r\n      }\r\n    </style>\r\n  </head>\r\n  <body>\r\n    <div class=\"container\">\r\n      <h1>New Registration Verification</h1>\r\n      <p>Hi Ravi,</p>\r\n      <p>Thank you for signing up on CRM Portal ! We\'re excited to have you on board and will be happy to help you set everything up.</p>\r\n      <div class=\"otp\">864095</div>\r\n      <p>The CRM Portal Team</p>\r\n      <p class=\"footer\">If you didn\'t create this account or have authentication-related issues, please let us know by replying to this email.</p>\r\n    </div>\r\n  </body>\r\n</html>', 1, 0, '2025-01-03 13:17:40', '2025-01-03 13:19:42'),
(5, NULL, '1', '1', 'ravi.verma+1@ciphersquare.tech', '100159456743012025', 'REG202501201059019J07UB', '331774', '<!DOCTYPE html>\r\n<html>\r\n  <head>\r\n    <meta charset=\"UTF-8\">\r\n    <title>FFG Email Verification</title>\r\n    <link href=\"https://fonts.googleapis.com/css?family=NTR&display=swap\" rel=\"stylesheet\">\r\n    <style>\r\n      body {\r\n        background-color: #0F172A;\r\n        font-family: \'NTR\', sans-serif;\r\n        color: white;\r\n        margin: 0;\r\n        padding: 0;\r\n      }\r\n      .container {\r\n        max-width: 600px;\r\n        margin: auto;\r\n        background-color: #1E293F;\r\n        padding: 30px;\r\n        border-radius: 10px;\r\n        box-shadow: 0px 0px 10px rgba(0, 0, 0, 0.25);\r\n      }\r\n      h1 {\r\n        text-align: center;\r\n        margin-top: 0;\r\n        margin-bottom: 20px;\r\n      }\r\n      p {\r\n        margin-top: 0;\r\n        margin-bottom: 20px;\r\n      }\r\n      .otp {\r\n        font-size: 24px;\r\n        text-align: center;\r\n        margin-top: 30px;\r\n        margin-bottom: 30px;\r\n        padding: 10px;\r\n        background-color: #2D3A5E;\r\n        border-radius: 5px;\r\n        box-shadow: 0px 0px 5px rgba(0, 0, 0, 0.25);\r\n      }\r\n      .footer {\r\n        text-align: center;\r\n        font-size: 14px;\r\n      }\r\n    </style>\r\n  </head>\r\n  <body>\r\n    <div class=\"container\">\r\n      <h1>New Registration Verification</h1>\r\n      <p>Hi Ravi,</p>\r\n      <p>Thank you for signing up on CRM Portal ! We\'re excited to have you on board and will be happy to help you set everything up.</p>\r\n      <div class=\"otp\">331774</div>\r\n      <p>The CRM Portal Team</p>\r\n      <p class=\"footer\">If you didn\'t create this account or have authentication-related issues, please let us know by replying to this email.</p>\r\n    </div>\r\n  </body>\r\n</html>', 1, 0, '2025-01-20 10:59:01', '2025-01-20 11:04:49'),
(10, 'USR000001', '2', '2', 'ravi.verma+1@ciphersquare.tech', '180103565379502025', NULL, '302161', '<!DOCTYPE html>\r\n<html>\r\n  <head>\r\n    <meta charset=\"UTF-8\">\r\n    <title>Email Verification</title>\r\n    <link href=\"https://fonts.googleapis.com/css?family=NTR&display=swap\" rel=\"stylesheet\">\r\n    <style>\r\n      body {\r\n        background-color: #0F172A;\r\n        font-family: \'NTR\', sans-serif;\r\n        color: white;\r\n        margin: 0;\r\n        padding: 0;\r\n      }\r\n      .container {\r\n        max-width: 600px;\r\n        margin: auto;\r\n        background-color: #1E293F;\r\n        padding: 30px;\r\n        border-radius: 10px;\r\n        box-shadow: 0px 0px 10px rgba(0, 0, 0, 0.25);\r\n      }\r\n      h1 {\r\n        text-align: center;\r\n        margin-top: 0;\r\n        margin-bottom: 20px;\r\n      }\r\n      p {\r\n        margin-top: 0;\r\n        margin-bottom: 20px;\r\n      }\r\n      .otp {\r\n        font-size: 24px;\r\n        text-align: center;\r\n        margin-top: 30px;\r\n        margin-bottom: 30px;\r\n        padding: 10px;\r\n        background-color: #2D3A5E;\r\n        border-radius: 5px;\r\n        box-shadow: 0px 0px 5px rgba(0, 0, 0, 0.25);\r\n      }\r\n      .footer {\r\n        text-align: center;\r\n        font-size: 14px;\r\n      }\r\n    </style>\r\n  </head>\r\n  <body>\r\n    <div class=\"container\">\r\n      <h1>Login Verification</h1>\r\n      <p>Hi Ravi,</p>\r\n      <p>Your one-time password (OTP) for logging into your CRM Portal account is:</p>\r\n      <div class=\"otp\">302161</div>\r\n    \r\n      <p >This OTP is valid for the next **10 minutes**. Please do not share this code with anyone for your account\'s security.\r\n</p>\r\n<p>If you did not request this OTP, please ignore this message or contact our support team immediately.\r\n</p>\r\n<br>\r\n<p>Thank You</p>\r\n  <p>The CRM Portal Team</p>\r\n    </div>\r\n  </body>\r\n</html>', 2, 1, '2025-01-20 17:57:13', '2025-01-20 18:03:50');

-- --------------------------------------------------------

--
-- Table structure for table `personal_access_tokens`
--

DROP TABLE IF EXISTS `personal_access_tokens`;
CREATE TABLE IF NOT EXISTS `personal_access_tokens` (
  `id` bigint UNSIGNED NOT NULL AUTO_INCREMENT,
  `tokenable_type` varchar(191) COLLATE utf8mb4_unicode_ci NOT NULL,
  `tokenable_id` bigint UNSIGNED NOT NULL,
  `name` varchar(191) COLLATE utf8mb4_unicode_ci NOT NULL,
  `token` varchar(64) COLLATE utf8mb4_unicode_ci NOT NULL,
  `abilities` text COLLATE utf8mb4_unicode_ci,
  `last_used_at` timestamp NULL DEFAULT NULL,
  `expires_at` timestamp NULL DEFAULT NULL,
  `created_at` timestamp NULL DEFAULT NULL,
  `updated_at` timestamp NULL DEFAULT NULL,
  PRIMARY KEY (`id`),
  UNIQUE KEY `personal_access_tokens_token_unique` (`token`),
  KEY `personal_access_tokens_tokenable_type_tokenable_id_index` (`tokenable_type`,`tokenable_id`)
) ENGINE=MyISAM DEFAULT CHARSET=utf8mb4 COLLATE=utf8mb4_unicode_ci;

-- --------------------------------------------------------

--
-- Table structure for table `rest_api_logs`
--

DROP TABLE IF EXISTS `rest_api_logs`;
CREATE TABLE IF NOT EXISTS `rest_api_logs` (
  `id` bigint UNSIGNED NOT NULL AUTO_INCREMENT,
  `request_id` char(36) COLLATE utf8mb4_unicode_ci NOT NULL,
  `uid` varchar(191) COLLATE utf8mb4_unicode_ci DEFAULT NULL,
  `method` varchar(191) COLLATE utf8mb4_unicode_ci NOT NULL,
  `url` varchar(191) COLLATE utf8mb4_unicode_ci NOT NULL,
  `headers` text COLLATE utf8mb4_unicode_ci NOT NULL,
  `payload` text COLLATE utf8mb4_unicode_ci,
  `response` text COLLATE utf8mb4_unicode_ci,
  `status_code` int DEFAULT NULL,
  `ip` text COLLATE utf8mb4_unicode_ci,
  `duration` text COLLATE utf8mb4_unicode_ci,
  `created_at` timestamp NULL DEFAULT NULL,
  `updated_at` timestamp NULL DEFAULT NULL,
  PRIMARY KEY (`id`),
  UNIQUE KEY `rest_api_logs_request_id_unique` (`request_id`)
) ENGINE=MyISAM AUTO_INCREMENT=125 DEFAULT CHARSET=utf8mb4 COLLATE=utf8mb4_unicode_ci;

--
-- Dumping data for table `rest_api_logs`
--

INSERT INTO `rest_api_logs` (`id`, `request_id`, `uid`, `method`, `url`, `headers`, `payload`, `response`, `status_code`, `ip`, `duration`, `created_at`, `updated_at`) VALUES
(1, '783eaaec-72e0-4caf-a4bc-3aacbd89421e', NULL, 'POST', 'http://127.0.0.1:8000/api/v1/userRegistration', '{\"content-type\":[\"application\\/json\"],\"user-agent\":[\"PostmanRuntime\\/7.43.0\"],\"accept\":[\"*\\/*\"],\"cache-control\":[\"no-cache\"],\"postman-token\":[\"af1bbfa9-a3b7-4d7e-86b9-fcf4beae8e41\"],\"host\":[\"127.0.0.1:8000\"],\"accept-encoding\":[\"gzip, deflate, br\"],\"connection\":[\"keep-alive\"],\"content-length\":[\"244\"],\"x-request-id\":[\"783eaaec-72e0-4caf-a4bc-3aacbd89421e\"]}', '{\"name\":\"ravi\",\"email\":\"ravi.verma+1@ciphersquare.tech\",\"mobile\":\"9876543210\",\"gender\":\"MALE\",\"dob\":\"2012-12-04\",\"city\":\"goa\",\"state\":\"goa\",\"country\":\"India\",\"address\":\"New Delhi , India\",\"request_id\":\"783eaaec-72e0-4caf-a4bc-3aacbd89421e\"}', NULL, NULL, '127.0.0.1', NULL, '2025-01-02 07:37:43', '2025-01-02 07:37:43'),
(2, 'b11e2589-530f-4eff-8c5e-931cea6649e3', NULL, 'POST', 'http://127.0.0.1:8000/api/v1/userRegistration', '{\"content-type\":[\"application\\/json\"],\"user-agent\":[\"PostmanRuntime\\/7.43.0\"],\"accept\":[\"*\\/*\"],\"cache-control\":[\"no-cache\"],\"postman-token\":[\"57eace08-6311-41c9-95fb-6fa914fc1b40\"],\"host\":[\"127.0.0.1:8000\"],\"accept-encoding\":[\"gzip, deflate, br\"],\"connection\":[\"keep-alive\"],\"content-length\":[\"244\"],\"x-request-id\":[\"b11e2589-530f-4eff-8c5e-931cea6649e3\"]}', '{\"name\":\"ravi\",\"email\":\"ravi.verma+1@ciphersquare.tech\",\"mobile\":\"9876543210\",\"gender\":\"MALE\",\"dob\":\"2012-12-04\",\"city\":\"goa\",\"state\":\"goa\",\"country\":\"India\",\"address\":\"New Delhi , India\",\"request_id\":\"b11e2589-530f-4eff-8c5e-931cea6649e3\"}', '{\"resp_code\":\"RCS\",\"resp_desc\":\"OTP sent successfully\",\"request_id\":\"b11e2589-530f-4eff-8c5e-931cea6649e3\",\"data\":{\"otp_reference\":\"130108472441162025\",\"registration_reference\":\"REG20250102010816LWW67X\"}}', 200, '127.0.0.1', '39.58', '2025-01-02 07:38:16', '2025-01-02 07:38:16'),
(3, '7ffb0f14-3f9b-4cd2-beb1-742b6c0e2ab3', NULL, 'POST', 'http://127.0.0.1:8000/api/v1/verifyRegistrationOtp', '{\"content-type\":[\"application\\/json\"],\"user-agent\":[\"PostmanRuntime\\/7.43.0\"],\"accept\":[\"*\\/*\"],\"cache-control\":[\"no-cache\"],\"postman-token\":[\"733becaf-f264-44ee-a688-0b416b021830\"],\"host\":[\"127.0.0.1:8000\"],\"accept-encoding\":[\"gzip, deflate, br\"],\"connection\":[\"keep-alive\"],\"content-length\":[\"127\"],\"x-request-id\":[\"7ffb0f14-3f9b-4cd2-beb1-742b6c0e2ab3\"]}', '{\"registration_reference\":\"REG20250102010816LWW67X\",\"otp_reference\":\"130108472441162025\",\"otp\":\"402653\",\"request_id\":\"7ffb0f14-3f9b-4cd2-beb1-742b6c0e2ab3\"}', NULL, NULL, '127.0.0.1', NULL, '2025-01-02 07:39:05', '2025-01-02 07:39:05'),
(4, 'd4cf7076-84ac-4937-9229-cef87dd3b00d', NULL, 'POST', 'http://127.0.0.1:8000/api/v1/verifyRegistrationOtp', '{\"content-type\":[\"application\\/json\"],\"user-agent\":[\"PostmanRuntime\\/7.43.0\"],\"accept\":[\"*\\/*\"],\"cache-control\":[\"no-cache\"],\"postman-token\":[\"849a0eb0-90a2-4605-aef2-725d36214bea\"],\"host\":[\"127.0.0.1:8000\"],\"accept-encoding\":[\"gzip, deflate, br\"],\"connection\":[\"keep-alive\"],\"content-length\":[\"127\"],\"x-request-id\":[\"d4cf7076-84ac-4937-9229-cef87dd3b00d\"]}', '{\"registration_reference\":\"REG20250102010816LWW67X\",\"otp_reference\":\"130108472441162025\",\"otp\":\"402653\",\"request_id\":\"d4cf7076-84ac-4937-9229-cef87dd3b00d\"}', NULL, NULL, '127.0.0.1', NULL, '2025-01-02 07:39:56', '2025-01-02 07:39:56'),
(5, '80f1bcef-5d83-4b09-8abc-d00e0d20509a', NULL, 'POST', 'http://127.0.0.1:8000/api/v1/verifyRegistrationOtp', '{\"content-type\":[\"application\\/json\"],\"user-agent\":[\"PostmanRuntime\\/7.43.0\"],\"accept\":[\"*\\/*\"],\"cache-control\":[\"no-cache\"],\"postman-token\":[\"4287f6e4-6ab3-4c89-bddf-d09b05ccc6bc\"],\"host\":[\"127.0.0.1:8000\"],\"accept-encoding\":[\"gzip, deflate, br\"],\"connection\":[\"keep-alive\"],\"content-length\":[\"127\"],\"x-request-id\":[\"80f1bcef-5d83-4b09-8abc-d00e0d20509a\"]}', '{\"registration_reference\":\"REG20250102010816LWW67X\",\"otp_reference\":\"130108472441162025\",\"otp\":\"402653\",\"request_id\":\"80f1bcef-5d83-4b09-8abc-d00e0d20509a\"}', NULL, NULL, '127.0.0.1', NULL, '2025-01-02 07:40:35', '2025-01-02 07:40:35'),
(6, '6d3d76c9-b294-44c1-8dbb-186ccd5420ac', NULL, 'POST', 'http://127.0.0.1:8000/api/v1/verifyRegistrationOtp', '{\"content-type\":[\"application\\/json\"],\"user-agent\":[\"PostmanRuntime\\/7.43.0\"],\"accept\":[\"*\\/*\"],\"cache-control\":[\"no-cache\"],\"postman-token\":[\"e10b7028-3994-4259-9dfd-b6cc42644f0c\"],\"host\":[\"127.0.0.1:8000\"],\"accept-encoding\":[\"gzip, deflate, br\"],\"connection\":[\"keep-alive\"],\"content-length\":[\"127\"],\"x-request-id\":[\"6d3d76c9-b294-44c1-8dbb-186ccd5420ac\"]}', '{\"registration_reference\":\"REG20250102010816LWW67X\",\"otp_reference\":\"130108472441162025\",\"otp\":\"402653\",\"request_id\":\"6d3d76c9-b294-44c1-8dbb-186ccd5420ac\"}', NULL, NULL, '127.0.0.1', NULL, '2025-01-02 09:55:27', '2025-01-02 09:55:27'),
(7, '80c5585a-5886-4906-afb7-2e9042eb2364', NULL, 'POST', 'http://127.0.0.1:8000/api/v1/verifyRegistrationOtp', '{\"content-type\":[\"application\\/json\"],\"user-agent\":[\"PostmanRuntime\\/7.43.0\"],\"accept\":[\"*\\/*\"],\"cache-control\":[\"no-cache\"],\"postman-token\":[\"a93a065b-3318-431e-996e-04295e1dc014\"],\"host\":[\"127.0.0.1:8000\"],\"accept-encoding\":[\"gzip, deflate, br\"],\"connection\":[\"keep-alive\"],\"content-length\":[\"127\"],\"x-request-id\":[\"80c5585a-5886-4906-afb7-2e9042eb2364\"]}', '{\"registration_reference\":\"REG20250102010816LWW67X\",\"otp_reference\":\"130108472441162025\",\"otp\":\"402653\",\"request_id\":\"80c5585a-5886-4906-afb7-2e9042eb2364\"}', '', 200, '127.0.0.1', '34.95', '2025-01-02 09:56:33', '2025-01-02 09:56:33'),
(8, '7541906e-fefd-4ecb-a868-ab8ddb7c33ef', NULL, 'POST', 'http://127.0.0.1:8000/api/v1/verifyRegistrationOtp', '{\"content-type\":[\"application\\/json\"],\"user-agent\":[\"PostmanRuntime\\/7.43.0\"],\"accept\":[\"*\\/*\"],\"cache-control\":[\"no-cache\"],\"postman-token\":[\"e36f5842-a2f0-4c29-9b9e-43d76ba1e3a2\"],\"host\":[\"127.0.0.1:8000\"],\"accept-encoding\":[\"gzip, deflate, br\"],\"connection\":[\"keep-alive\"],\"content-length\":[\"127\"],\"x-request-id\":[\"7541906e-fefd-4ecb-a868-ab8ddb7c33ef\"]}', '{\"registration_reference\":\"REG20250102010816LWW67X\",\"otp_reference\":\"130108472441162025\",\"otp\":\"402653\",\"request_id\":\"7541906e-fefd-4ecb-a868-ab8ddb7c33ef\"}', NULL, NULL, '127.0.0.1', NULL, '2025-01-02 10:05:18', '2025-01-02 10:05:18'),
(9, 'f95f7658-541b-43f6-b17a-5bc3c28bac21', NULL, 'POST', 'http://127.0.0.1:8000/api/v1/verifyRegistrationOtp', '{\"content-type\":[\"application\\/json\"],\"user-agent\":[\"PostmanRuntime\\/7.43.0\"],\"accept\":[\"*\\/*\"],\"cache-control\":[\"no-cache\"],\"postman-token\":[\"ea22510e-30bd-4b9a-b042-5b7665dba1a6\"],\"host\":[\"127.0.0.1:8000\"],\"accept-encoding\":[\"gzip, deflate, br\"],\"connection\":[\"keep-alive\"],\"content-length\":[\"127\"],\"x-request-id\":[\"f95f7658-541b-43f6-b17a-5bc3c28bac21\"]}', '{\"registration_reference\":\"REG20250102010816LWW67X\",\"otp_reference\":\"130108472441162025\",\"otp\":\"402653\",\"request_id\":\"f95f7658-541b-43f6-b17a-5bc3c28bac21\"}', '', 200, '127.0.0.1', '34.59', '2025-01-02 10:06:48', '2025-01-02 10:06:48'),
(10, 'a5693248-8894-4369-8bc9-0c55a72d87db', NULL, 'POST', 'http://127.0.0.1:8000/api/v1/verifyRegistrationOtp', '{\"content-type\":[\"application\\/json\"],\"user-agent\":[\"PostmanRuntime\\/7.43.0\"],\"accept\":[\"*\\/*\"],\"cache-control\":[\"no-cache\"],\"postman-token\":[\"4670cc15-ca44-4922-9906-8e050500d3f8\"],\"host\":[\"127.0.0.1:8000\"],\"accept-encoding\":[\"gzip, deflate, br\"],\"connection\":[\"keep-alive\"],\"content-length\":[\"127\"],\"x-request-id\":[\"a5693248-8894-4369-8bc9-0c55a72d87db\"]}', '{\"registration_reference\":\"REG20250102010816LWW67X\",\"otp_reference\":\"130108472441162025\",\"otp\":\"402653\",\"request_id\":\"a5693248-8894-4369-8bc9-0c55a72d87db\"}', '', 200, '127.0.0.1', '43.02', '2025-01-02 10:08:17', '2025-01-02 10:08:17'),
(11, '15a20c3f-c9ef-4c32-a8bf-ec0f12cd09cb', NULL, 'POST', 'http://127.0.0.1:8000/api/v1/verifyRegistrationOtp', '{\"content-type\":[\"application\\/json\"],\"user-agent\":[\"PostmanRuntime\\/7.43.0\"],\"accept\":[\"*\\/*\"],\"cache-control\":[\"no-cache\"],\"postman-token\":[\"a2369024-76f1-4368-a13d-1e42a088128e\"],\"host\":[\"127.0.0.1:8000\"],\"accept-encoding\":[\"gzip, deflate, br\"],\"connection\":[\"keep-alive\"],\"content-length\":[\"127\"],\"x-request-id\":[\"15a20c3f-c9ef-4c32-a8bf-ec0f12cd09cb\"]}', '{\"registration_reference\":\"REG20250102010816LWW67X\",\"otp_reference\":\"130108472441162025\",\"otp\":\"402653\",\"request_id\":\"15a20c3f-c9ef-4c32-a8bf-ec0f12cd09cb\"}', '{\"resp_code\":\"ERR\",\"resp_desc\":\"Requested OTP detail is expired\",\"request_id\":\"15a20c3f-c9ef-4c32-a8bf-ec0f12cd09cb\",\"data\":[]}', 400, '127.0.0.1', '41.13', '2025-01-02 10:11:01', '2025-01-02 10:11:01'),
(12, '128cd68e-b8c4-4317-95ac-33cbb327aaca', NULL, 'POST', 'http://127.0.0.1:8000/api/v1/verifyRegistrationOtp', '{\"content-type\":[\"application\\/json\"],\"user-agent\":[\"PostmanRuntime\\/7.43.0\"],\"accept\":[\"*\\/*\"],\"cache-control\":[\"no-cache\"],\"postman-token\":[\"8727f516-6a5d-4780-8baf-eba1ca31d136\"],\"host\":[\"127.0.0.1:8000\"],\"accept-encoding\":[\"gzip, deflate, br\"],\"connection\":[\"keep-alive\"],\"content-length\":[\"127\"],\"x-request-id\":[\"128cd68e-b8c4-4317-95ac-33cbb327aaca\"]}', '{\"registration_reference\":\"REG20250102010816LWW67X\",\"otp_reference\":\"130108472441162025\",\"otp\":\"402653\",\"request_id\":\"128cd68e-b8c4-4317-95ac-33cbb327aaca\"}', NULL, NULL, '127.0.0.1', NULL, '2025-01-02 10:11:23', '2025-01-02 10:11:23'),
(13, 'd404a581-f383-4cd4-a894-2c4ff4af48e4', NULL, 'POST', 'http://127.0.0.1:8000/api/v1/verifyRegistrationOtp', '{\"content-type\":[\"application\\/json\"],\"user-agent\":[\"PostmanRuntime\\/7.43.0\"],\"accept\":[\"*\\/*\"],\"cache-control\":[\"no-cache\"],\"postman-token\":[\"e5e8cf41-618b-4980-b3a1-e97263002489\"],\"host\":[\"127.0.0.1:8000\"],\"accept-encoding\":[\"gzip, deflate, br\"],\"connection\":[\"keep-alive\"],\"content-length\":[\"127\"],\"x-request-id\":[\"d404a581-f383-4cd4-a894-2c4ff4af48e4\"]}', '{\"registration_reference\":\"REG20250102010816LWW67X\",\"otp_reference\":\"130108472441162025\",\"otp\":\"402653\",\"request_id\":\"d404a581-f383-4cd4-a894-2c4ff4af48e4\"}', NULL, NULL, '127.0.0.1', NULL, '2025-01-02 11:01:35', '2025-01-02 11:01:35'),
(14, 'aa0b197f-47ad-4352-ae2c-f4c54ab84def', NULL, 'POST', 'http://127.0.0.1:8000/api/v1/verifyRegistrationOtp', '{\"content-type\":[\"application\\/json\"],\"user-agent\":[\"PostmanRuntime\\/7.43.0\"],\"accept\":[\"*\\/*\"],\"cache-control\":[\"no-cache\"],\"postman-token\":[\"1cd24459-30c7-400a-b506-b22fa6c48fd0\"],\"host\":[\"127.0.0.1:8000\"],\"accept-encoding\":[\"gzip, deflate, br\"],\"connection\":[\"keep-alive\"],\"content-length\":[\"127\"],\"x-request-id\":[\"aa0b197f-47ad-4352-ae2c-f4c54ab84def\"]}', '{\"registration_reference\":\"REG20250102010816LWW67X\",\"otp_reference\":\"130108472441162025\",\"otp\":\"402653\",\"request_id\":\"aa0b197f-47ad-4352-ae2c-f4c54ab84def\"}', NULL, NULL, '127.0.0.1', NULL, '2025-01-02 11:02:45', '2025-01-02 11:02:45'),
(15, '585f8704-f85a-4024-a897-75305e080d08', NULL, 'POST', 'http://127.0.0.1:8000/api/v1/verifyRegistrationOtp', '{\"content-type\":[\"application\\/json\"],\"user-agent\":[\"PostmanRuntime\\/7.43.0\"],\"accept\":[\"*\\/*\"],\"cache-control\":[\"no-cache\"],\"postman-token\":[\"51c111fd-ff18-48f4-9274-72d9106b97c1\"],\"host\":[\"127.0.0.1:8000\"],\"accept-encoding\":[\"gzip, deflate, br\"],\"connection\":[\"keep-alive\"],\"content-length\":[\"127\"],\"x-request-id\":[\"585f8704-f85a-4024-a897-75305e080d08\"]}', '{\"registration_reference\":\"REG20250102010816LWW67X\",\"otp_reference\":\"130108472441162025\",\"otp\":\"402653\",\"request_id\":\"585f8704-f85a-4024-a897-75305e080d08\"}', NULL, NULL, '127.0.0.1', NULL, '2025-01-02 11:04:29', '2025-01-02 11:04:29'),
(16, '5983930d-ab8c-4ffa-ae0b-37b9985dff8f', NULL, 'POST', 'http://127.0.0.1:8000/api/v1/verifyRegistrationOtp', '{\"content-type\":[\"application\\/json\"],\"user-agent\":[\"PostmanRuntime\\/7.43.0\"],\"accept\":[\"*\\/*\"],\"cache-control\":[\"no-cache\"],\"postman-token\":[\"7f76141b-563f-4077-93bc-cab527d48815\"],\"host\":[\"127.0.0.1:8000\"],\"accept-encoding\":[\"gzip, deflate, br\"],\"connection\":[\"keep-alive\"],\"content-length\":[\"127\"],\"x-request-id\":[\"5983930d-ab8c-4ffa-ae0b-37b9985dff8f\"]}', '{\"registration_reference\":\"REG20250102010816LWW67X\",\"otp_reference\":\"130108472441162025\",\"otp\":\"402653\",\"request_id\":\"5983930d-ab8c-4ffa-ae0b-37b9985dff8f\"}', NULL, NULL, '127.0.0.1', NULL, '2025-01-02 11:05:11', '2025-01-02 11:05:11'),
(17, '0cd0d168-c8dd-44c2-b678-ee15a879f998', NULL, 'POST', 'http://127.0.0.1:8000/api/v1/verifyRegistrationOtp', '{\"content-type\":[\"application\\/json\"],\"user-agent\":[\"PostmanRuntime\\/7.43.0\"],\"accept\":[\"*\\/*\"],\"cache-control\":[\"no-cache\"],\"postman-token\":[\"be7bc247-1593-4e7c-a059-8548b8ba719e\"],\"host\":[\"127.0.0.1:8000\"],\"accept-encoding\":[\"gzip, deflate, br\"],\"connection\":[\"keep-alive\"],\"content-length\":[\"127\"],\"x-request-id\":[\"0cd0d168-c8dd-44c2-b678-ee15a879f998\"]}', '{\"registration_reference\":\"REG20250102010816LWW67X\",\"otp_reference\":\"130108472441162025\",\"otp\":\"402653\",\"request_id\":\"0cd0d168-c8dd-44c2-b678-ee15a879f998\"}', NULL, NULL, '127.0.0.1', NULL, '2025-01-02 11:05:40', '2025-01-02 11:05:40'),
(18, 'a5d47de8-24ff-4814-a621-ea5763e76358', NULL, 'POST', 'http://127.0.0.1:8000/api/v1/verifyRegistrationOtp', '{\"content-type\":[\"application\\/json\"],\"user-agent\":[\"PostmanRuntime\\/7.43.0\"],\"accept\":[\"*\\/*\"],\"cache-control\":[\"no-cache\"],\"postman-token\":[\"0f8bb401-b05f-4efa-987c-c54321bbb162\"],\"host\":[\"127.0.0.1:8000\"],\"accept-encoding\":[\"gzip, deflate, br\"],\"connection\":[\"keep-alive\"],\"content-length\":[\"127\"],\"x-request-id\":[\"a5d47de8-24ff-4814-a621-ea5763e76358\"]}', '{\"registration_reference\":\"REG20250102010816LWW67X\",\"otp_reference\":\"130108472441162025\",\"otp\":\"402653\",\"request_id\":\"a5d47de8-24ff-4814-a621-ea5763e76358\"}', NULL, NULL, '127.0.0.1', NULL, '2025-01-02 11:05:44', '2025-01-02 11:05:44'),
(19, '2cd48562-a238-4de2-ad80-939c0ea47b4a', NULL, 'POST', 'http://127.0.0.1:8000/api/v1/verifyRegistrationOtp', '{\"content-type\":[\"application\\/json\"],\"user-agent\":[\"PostmanRuntime\\/7.43.0\"],\"accept\":[\"*\\/*\"],\"cache-control\":[\"no-cache\"],\"postman-token\":[\"145da81a-4a83-4031-a4eb-834cc548293e\"],\"host\":[\"127.0.0.1:8000\"],\"accept-encoding\":[\"gzip, deflate, br\"],\"connection\":[\"keep-alive\"],\"content-length\":[\"127\"],\"x-request-id\":[\"2cd48562-a238-4de2-ad80-939c0ea47b4a\"]}', '{\"registration_reference\":\"REG20250102010816LWW67X\",\"otp_reference\":\"130108472441162025\",\"otp\":\"402653\",\"request_id\":\"2cd48562-a238-4de2-ad80-939c0ea47b4a\"}', '{\"resp_code\":\"ERR\",\"resp_desc\":\"Requested OTP detail is expired\",\"request_id\":\"2cd48562-a238-4de2-ad80-939c0ea47b4a\",\"data\":[]}', 400, '127.0.0.1', '41.03', '2025-01-02 11:35:38', '2025-01-02 11:35:38'),
(20, 'fdd1e61c-65a6-47f8-bcac-d7f5938419bb', NULL, 'POST', 'http://127.0.0.1:8000/api/v1/verifyRegistrationOtp', '{\"content-type\":[\"application\\/json\"],\"user-agent\":[\"PostmanRuntime\\/7.43.0\"],\"accept\":[\"*\\/*\"],\"cache-control\":[\"no-cache\"],\"postman-token\":[\"4c2b5b1e-e1da-4ba8-bfc5-166e268c77fb\"],\"host\":[\"127.0.0.1:8000\"],\"accept-encoding\":[\"gzip, deflate, br\"],\"connection\":[\"keep-alive\"],\"content-length\":[\"127\"],\"x-request-id\":[\"fdd1e61c-65a6-47f8-bcac-d7f5938419bb\"]}', '{\"registration_reference\":\"REG20250102010816LWW67X\",\"otp_reference\":\"130108472441162025\",\"otp\":\"402653\",\"request_id\":\"fdd1e61c-65a6-47f8-bcac-d7f5938419bb\"}', NULL, NULL, '127.0.0.1', NULL, '2025-01-02 11:35:59', '2025-01-02 11:35:59'),
(21, 'd93a1b41-1258-4f10-b099-09201c0b4e20', NULL, 'POST', 'http://127.0.0.1:8000/api/v1/verifyRegistrationOtp', '{\"content-type\":[\"application\\/json\"],\"user-agent\":[\"PostmanRuntime\\/7.43.0\"],\"accept\":[\"*\\/*\"],\"cache-control\":[\"no-cache\"],\"postman-token\":[\"1e84242b-dec2-4ce7-ab7c-3a1761d8595e\"],\"host\":[\"127.0.0.1:8000\"],\"accept-encoding\":[\"gzip, deflate, br\"],\"connection\":[\"keep-alive\"],\"content-length\":[\"127\"],\"x-request-id\":[\"d93a1b41-1258-4f10-b099-09201c0b4e20\"]}', '{\"registration_reference\":\"REG20250102010816LWW67X\",\"otp_reference\":\"130108472441162025\",\"otp\":\"402653\",\"request_id\":\"d93a1b41-1258-4f10-b099-09201c0b4e20\"}', NULL, NULL, '127.0.0.1', NULL, '2025-01-02 11:36:10', '2025-01-02 11:36:10'),
(22, '1bfbce14-e255-4ed8-8c3a-fdb0a9b41bc0', NULL, 'POST', 'http://127.0.0.1:8000/api/v1/verifyRegistrationOtp', '{\"content-type\":[\"application\\/json\"],\"user-agent\":[\"PostmanRuntime\\/7.43.0\"],\"accept\":[\"*\\/*\"],\"cache-control\":[\"no-cache\"],\"postman-token\":[\"af0ff5d3-f568-4e31-93f3-437d60bb8909\"],\"host\":[\"127.0.0.1:8000\"],\"accept-encoding\":[\"gzip, deflate, br\"],\"connection\":[\"keep-alive\"],\"content-length\":[\"127\"],\"x-request-id\":[\"1bfbce14-e255-4ed8-8c3a-fdb0a9b41bc0\"]}', '{\"registration_reference\":\"REG20250102010816LWW67X\",\"otp_reference\":\"130108472441162025\",\"otp\":\"402653\",\"request_id\":\"1bfbce14-e255-4ed8-8c3a-fdb0a9b41bc0\"}', NULL, NULL, '127.0.0.1', NULL, '2025-01-02 11:36:46', '2025-01-02 11:36:46'),
(23, '39cba29e-707c-4415-b6f9-e73d2570c098', NULL, 'POST', 'http://127.0.0.1:8000/api/v1/verifyRegistrationOtp', '{\"content-type\":[\"application\\/json\"],\"user-agent\":[\"PostmanRuntime\\/7.43.0\"],\"accept\":[\"*\\/*\"],\"cache-control\":[\"no-cache\"],\"postman-token\":[\"67daf6b0-dfaa-4d44-aebb-c628d3f80e9a\"],\"host\":[\"127.0.0.1:8000\"],\"accept-encoding\":[\"gzip, deflate, br\"],\"connection\":[\"keep-alive\"],\"content-length\":[\"127\"],\"x-request-id\":[\"39cba29e-707c-4415-b6f9-e73d2570c098\"]}', '{\"registration_reference\":\"REG20250102010816LWW67X\",\"otp_reference\":\"130108472441162025\",\"otp\":\"402653\",\"request_id\":\"39cba29e-707c-4415-b6f9-e73d2570c098\"}', NULL, NULL, '127.0.0.1', NULL, '2025-01-02 11:36:58', '2025-01-02 11:36:58'),
(24, '7b03f215-1753-4c4b-96ff-94474bb6dda3', NULL, 'POST', 'http://127.0.0.1:8000/api/v1/verifyRegistrationOtp', '{\"content-type\":[\"application\\/json\"],\"user-agent\":[\"PostmanRuntime\\/7.43.0\"],\"accept\":[\"*\\/*\"],\"cache-control\":[\"no-cache\"],\"postman-token\":[\"99899722-24c7-44e9-a2af-f14925d0e0db\"],\"host\":[\"127.0.0.1:8000\"],\"accept-encoding\":[\"gzip, deflate, br\"],\"connection\":[\"keep-alive\"],\"content-length\":[\"127\"],\"x-request-id\":[\"7b03f215-1753-4c4b-96ff-94474bb6dda3\"]}', '{\"registration_reference\":\"REG20250102010816LWW67X\",\"otp_reference\":\"130108472441162025\",\"otp\":\"402653\",\"request_id\":\"7b03f215-1753-4c4b-96ff-94474bb6dda3\"}', NULL, NULL, '127.0.0.1', NULL, '2025-01-02 11:37:19', '2025-01-02 11:37:19'),
(25, 'efc45d05-4bc5-4f45-bc75-9051e101e929', NULL, 'POST', 'http://127.0.0.1:8000/api/v1/verifyRegistrationOtp', '{\"content-type\":[\"application\\/json\"],\"user-agent\":[\"PostmanRuntime\\/7.43.0\"],\"accept\":[\"*\\/*\"],\"cache-control\":[\"no-cache\"],\"postman-token\":[\"30286012-c2d0-4168-a953-a9e8a8833211\"],\"host\":[\"127.0.0.1:8000\"],\"accept-encoding\":[\"gzip, deflate, br\"],\"connection\":[\"keep-alive\"],\"content-length\":[\"127\"],\"x-request-id\":[\"efc45d05-4bc5-4f45-bc75-9051e101e929\"]}', '{\"registration_reference\":\"REG20250102010816LWW67X\",\"otp_reference\":\"130108472441162025\",\"otp\":\"402653\",\"request_id\":\"efc45d05-4bc5-4f45-bc75-9051e101e929\"}', NULL, NULL, '127.0.0.1', NULL, '2025-01-02 11:37:26', '2025-01-02 11:37:26'),
(26, '887ff124-3eb0-4676-b8a0-0d883b577f30', NULL, 'POST', 'http://127.0.0.1:8000/api/v1/verifyRegistrationOtp', '{\"content-type\":[\"application\\/json\"],\"user-agent\":[\"PostmanRuntime\\/7.43.0\"],\"accept\":[\"*\\/*\"],\"cache-control\":[\"no-cache\"],\"postman-token\":[\"be32ea77-7fd3-4815-9d77-33b700f294c9\"],\"host\":[\"127.0.0.1:8000\"],\"accept-encoding\":[\"gzip, deflate, br\"],\"connection\":[\"keep-alive\"],\"content-length\":[\"127\"],\"x-request-id\":[\"887ff124-3eb0-4676-b8a0-0d883b577f30\"]}', '{\"registration_reference\":\"REG20250102010816LWW67X\",\"otp_reference\":\"130108472441162025\",\"otp\":\"402653\",\"request_id\":\"887ff124-3eb0-4676-b8a0-0d883b577f30\"}', NULL, NULL, '127.0.0.1', NULL, '2025-01-02 11:49:44', '2025-01-02 11:49:44'),
(27, '175e0b90-091e-41ae-9968-c0b92fef6d51', NULL, 'POST', 'http://127.0.0.1:8000/api/v1/verifyRegistrationOtp', '{\"content-type\":[\"application\\/json\"],\"user-agent\":[\"PostmanRuntime\\/7.43.0\"],\"accept\":[\"*\\/*\"],\"cache-control\":[\"no-cache\"],\"postman-token\":[\"d514867a-fe1c-41b0-a913-ba366e192dc5\"],\"host\":[\"127.0.0.1:8000\"],\"accept-encoding\":[\"gzip, deflate, br\"],\"connection\":[\"keep-alive\"],\"content-length\":[\"127\"],\"x-request-id\":[\"175e0b90-091e-41ae-9968-c0b92fef6d51\"]}', '{\"registration_reference\":\"REG20250102010816LWW67X\",\"otp_reference\":\"130108472441162025\",\"otp\":\"402653\",\"request_id\":\"175e0b90-091e-41ae-9968-c0b92fef6d51\"}', NULL, NULL, '127.0.0.1', NULL, '2025-01-02 11:57:29', '2025-01-02 11:57:29'),
(28, 'a4111a64-a1cd-4528-b90b-f769c85f111a', NULL, 'POST', 'http://127.0.0.1:8000/api/v1/verifyRegistrationOtp', '{\"content-type\":[\"application\\/json\"],\"user-agent\":[\"PostmanRuntime\\/7.43.0\"],\"accept\":[\"*\\/*\"],\"cache-control\":[\"no-cache\"],\"postman-token\":[\"62f7afd9-36c4-440d-ac3f-46cf37c1de5d\"],\"host\":[\"127.0.0.1:8000\"],\"accept-encoding\":[\"gzip, deflate, br\"],\"connection\":[\"keep-alive\"],\"content-length\":[\"127\"],\"x-request-id\":[\"a4111a64-a1cd-4528-b90b-f769c85f111a\"]}', '{\"registration_reference\":\"REG20250102010816LWW67X\",\"otp_reference\":\"130108472441162025\",\"otp\":\"402653\",\"request_id\":\"a4111a64-a1cd-4528-b90b-f769c85f111a\"}', '{\"resp_code\":\"ERR\",\"resp_desc\":\"Requested OTP detail is not valid\",\"request_id\":\"a4111a64-a1cd-4528-b90b-f769c85f111a\",\"data\":[]}', 400, '127.0.0.1', '41.13', '2025-01-02 11:58:39', '2025-01-02 11:58:40'),
(29, '2dd12ab9-2644-433c-a946-85bafd6b4a4b', NULL, 'POST', 'http://127.0.0.1:8000/api/v1/verifyRegistrationOtp', '{\"content-type\":[\"application\\/json\"],\"user-agent\":[\"PostmanRuntime\\/7.43.0\"],\"accept\":[\"*\\/*\"],\"cache-control\":[\"no-cache\"],\"postman-token\":[\"96333ddf-6491-4df6-a855-af639cded18c\"],\"host\":[\"127.0.0.1:8000\"],\"accept-encoding\":[\"gzip, deflate, br\"],\"connection\":[\"keep-alive\"],\"content-length\":[\"127\"],\"x-request-id\":[\"2dd12ab9-2644-433c-a946-85bafd6b4a4b\"]}', '{\"registration_reference\":\"REG20250102010816LWW67X\",\"otp_reference\":\"130108472441162025\",\"otp\":\"402653\",\"request_id\":\"2dd12ab9-2644-433c-a946-85bafd6b4a4b\"}', '{\"resp_code\":\"ERR\",\"resp_desc\":\"Requested OTP detail is not valid\",\"request_id\":\"2dd12ab9-2644-433c-a946-85bafd6b4a4b\",\"data\":[]}', 400, '127.0.0.1', '23.45', '2025-01-02 11:59:03', '2025-01-02 11:59:03'),
(30, '682378a6-42a3-4c52-89a9-95bc2e9f1a20', NULL, 'POST', 'http://127.0.0.1:8000/api/v1/verifyRegistrationOtp', '{\"content-type\":[\"application\\/json\"],\"user-agent\":[\"PostmanRuntime\\/7.43.0\"],\"accept\":[\"*\\/*\"],\"cache-control\":[\"no-cache\"],\"postman-token\":[\"c3f14c0a-8a97-47cd-8cf0-a9e3145e1ec9\"],\"host\":[\"127.0.0.1:8000\"],\"accept-encoding\":[\"gzip, deflate, br\"],\"connection\":[\"keep-alive\"],\"content-length\":[\"127\"],\"x-request-id\":[\"682378a6-42a3-4c52-89a9-95bc2e9f1a20\"]}', '{\"registration_reference\":\"REG20250102010816LWW67X\",\"otp_reference\":\"130108472441162025\",\"otp\":\"402653\",\"request_id\":\"682378a6-42a3-4c52-89a9-95bc2e9f1a20\"}', '{\"resp_code\":\"ERR\",\"resp_desc\":\"Requested OTP detail is not valid\",\"request_id\":\"682378a6-42a3-4c52-89a9-95bc2e9f1a20\",\"data\":[]}', 400, '127.0.0.1', '21.17', '2025-01-02 11:59:06', '2025-01-02 11:59:07'),
(31, 'a4b8a364-c99b-48d2-83f3-f76509cee791', NULL, 'POST', 'http://127.0.0.1:8000/api/v1/verifyRegistrationOtp', '{\"content-type\":[\"application\\/json\"],\"user-agent\":[\"PostmanRuntime\\/7.43.0\"],\"accept\":[\"*\\/*\"],\"cache-control\":[\"no-cache\"],\"postman-token\":[\"af038079-1375-4d84-a695-2425022623ae\"],\"host\":[\"127.0.0.1:8000\"],\"accept-encoding\":[\"gzip, deflate, br\"],\"connection\":[\"keep-alive\"],\"content-length\":[\"127\"],\"x-request-id\":[\"a4b8a364-c99b-48d2-83f3-f76509cee791\"]}', '{\"registration_reference\":\"REG20250102010816LWW67X\",\"otp_reference\":\"130108472441162025\",\"otp\":\"402653\",\"request_id\":\"a4b8a364-c99b-48d2-83f3-f76509cee791\"}', '{\"resp_code\":\"ERR\",\"resp_desc\":\"Requested user detail already processd or registered.\",\"request_id\":\"a4b8a364-c99b-48d2-83f3-f76509cee791\",\"data\":[]}', 400, '127.0.0.1', '27.02', '2025-01-02 11:59:22', '2025-01-02 11:59:22'),
(32, '92c3be0a-39fe-4ad0-aa29-4f50e0dd5c34', NULL, 'POST', 'http://127.0.0.1:8000/api/v1/verifyRegistrationOtp', '{\"content-type\":[\"application\\/json\"],\"user-agent\":[\"PostmanRuntime\\/7.43.0\"],\"accept\":[\"*\\/*\"],\"cache-control\":[\"no-cache\"],\"postman-token\":[\"242a84fc-5554-47d7-98b7-c634f3a166ca\"],\"host\":[\"127.0.0.1:8000\"],\"accept-encoding\":[\"gzip, deflate, br\"],\"connection\":[\"keep-alive\"],\"content-length\":[\"127\"],\"x-request-id\":[\"92c3be0a-39fe-4ad0-aa29-4f50e0dd5c34\"]}', '{\"registration_reference\":\"REG20250102010816LWW67X\",\"otp_reference\":\"130108472441162025\",\"otp\":\"402653\",\"request_id\":\"92c3be0a-39fe-4ad0-aa29-4f50e0dd5c34\"}', '{\"resp_code\":\"RCS\",\"resp_desc\":\"User registered successfully\",\"request_id\":\"92c3be0a-39fe-4ad0-aa29-4f50e0dd5c34\",\"data\":[]}', 200, '127.0.0.1', '58.15', '2025-01-02 12:05:27', '2025-01-02 12:05:27'),
(33, 'aa9063d1-2312-40e2-944a-88cb5570fdab', NULL, 'POST', 'http://127.0.0.1:8000/api/v1/userRegistration', '{\"content-type\":[\"application\\/json\"],\"user-agent\":[\"PostmanRuntime\\/7.43.0\"],\"accept\":[\"*\\/*\"],\"cache-control\":[\"no-cache\"],\"postman-token\":[\"2288c453-5fdd-47f2-910e-b64e3e862e86\"],\"host\":[\"127.0.0.1:8000\"],\"accept-encoding\":[\"gzip, deflate, br\"],\"connection\":[\"keep-alive\"],\"content-length\":[\"244\"],\"x-request-id\":[\"aa9063d1-2312-40e2-944a-88cb5570fdab\"]}', '{\"name\":\"ravi\",\"email\":\"ravi.verma+1@ciphersquare.tech\",\"mobile\":\"9876543210\",\"gender\":\"MALE\",\"dob\":\"2012-12-04\",\"city\":\"goa\",\"state\":\"goa\",\"country\":\"India\",\"address\":\"New Delhi , India\",\"request_id\":\"aa9063d1-2312-40e2-944a-88cb5570fdab\"}', '{\"resp_code\":\"IRD\",\"resp_desc\":\"The email has already been taken.\",\"request_id\":\"aa9063d1-2312-40e2-944a-88cb5570fdab\",\"data\":[]}', 400, '127.0.0.1', '22.73', '2025-01-02 12:05:45', '2025-01-02 12:05:45'),
(34, '205be7af-d07c-41e9-9397-bc8f590d90d0', NULL, 'POST', 'http://127.0.0.1:8000/api/v1/login', '{\"content-type\":[\"application\\/json\"],\"user-agent\":[\"PostmanRuntime\\/7.43.0\"],\"accept\":[\"*\\/*\"],\"cache-control\":[\"no-cache\"],\"postman-token\":[\"802f43a8-543a-4037-a50a-ee8f6967f446\"],\"host\":[\"127.0.0.1:8000\"],\"accept-encoding\":[\"gzip, deflate, br\"],\"connection\":[\"keep-alive\"],\"content-length\":[\"81\"],\"x-request-id\":[\"205be7af-d07c-41e9-9397-bc8f590d90d0\"]}', '{\"username\":\"ravi.verma+1@ciphersquare.tech\",\"password\":\"********\",\"request_id\":\"205be7af-d07c-41e9-9397-bc8f590d90d0\"}', NULL, NULL, '127.0.0.1', NULL, '2025-01-02 12:06:50', '2025-01-02 12:06:50'),
(35, 'e345bd33-a5fe-47f5-8397-f55704e7830c', NULL, 'POST', 'http://127.0.0.1:8000/api/v1/login', '{\"content-type\":[\"application\\/json\"],\"user-agent\":[\"PostmanRuntime\\/7.43.0\"],\"accept\":[\"*\\/*\"],\"cache-control\":[\"no-cache\"],\"postman-token\":[\"07864402-1be5-4701-90fd-95cc7bfc014c\"],\"host\":[\"127.0.0.1:8000\"],\"accept-encoding\":[\"gzip, deflate, br\"],\"connection\":[\"keep-alive\"],\"content-length\":[\"81\"],\"x-request-id\":[\"e345bd33-a5fe-47f5-8397-f55704e7830c\"]}', '{\"username\":\"ravi.verma+1@ciphersquare.tech\",\"password\":\"********\",\"request_id\":\"e345bd33-a5fe-47f5-8397-f55704e7830c\"}', '{\"resp_code\":\"ISE\",\"resp_desc\":\"Internal server error.\",\"request_id\":\"e345bd33-a5fe-47f5-8397-f55704e7830c\",\"data\":[]}', 500, '127.0.0.1', '57.78', '2025-01-02 12:08:02', '2025-01-02 12:08:02'),
(36, '8daf2a8e-fc9a-4164-a6a5-dd391adec731', NULL, 'POST', 'http://127.0.0.1:8000/api/v1/login', '{\"content-type\":[\"application\\/json\"],\"user-agent\":[\"PostmanRuntime\\/7.43.0\"],\"accept\":[\"*\\/*\"],\"cache-control\":[\"no-cache\"],\"postman-token\":[\"d1fcee03-c928-4a45-af91-d8d8e61bbbae\"],\"host\":[\"127.0.0.1:8000\"],\"accept-encoding\":[\"gzip, deflate, br\"],\"connection\":[\"keep-alive\"],\"content-length\":[\"81\"],\"x-request-id\":[\"8daf2a8e-fc9a-4164-a6a5-dd391adec731\"]}', '{\"username\":\"ravi.verma+1@ciphersquare.tech\",\"password\":\"********\",\"request_id\":\"8daf2a8e-fc9a-4164-a6a5-dd391adec731\"}', NULL, NULL, '127.0.0.1', NULL, '2025-01-02 12:09:26', '2025-01-02 12:09:26'),
(37, 'e652a0ca-6570-4e92-9e81-5ebd2f341a42', NULL, 'POST', 'http://127.0.0.1:8000/api/v1/login', '{\"content-type\":[\"application\\/json\"],\"user-agent\":[\"PostmanRuntime\\/7.43.0\"],\"accept\":[\"*\\/*\"],\"cache-control\":[\"no-cache\"],\"postman-token\":[\"d00b3735-b71d-4cbd-a33a-ebfe07981648\"],\"host\":[\"127.0.0.1:8000\"],\"accept-encoding\":[\"gzip, deflate, br\"],\"connection\":[\"keep-alive\"],\"content-length\":[\"81\"],\"x-request-id\":[\"e652a0ca-6570-4e92-9e81-5ebd2f341a42\"]}', '{\"username\":\"ravi.verma+1@ciphersquare.tech\",\"password\":\"********\",\"request_id\":\"e652a0ca-6570-4e92-9e81-5ebd2f341a42\"}', NULL, NULL, '127.0.0.1', NULL, '2025-01-02 12:10:13', '2025-01-02 12:10:13'),
(38, '5e9297cd-59ef-4dff-a1e4-b8ebfb0098ec', NULL, 'POST', 'http://127.0.0.1:8000/api/v1/login', '{\"content-type\":[\"application\\/json\"],\"user-agent\":[\"PostmanRuntime\\/7.43.0\"],\"accept\":[\"*\\/*\"],\"cache-control\":[\"no-cache\"],\"postman-token\":[\"ddd30f76-8429-412b-ad11-5c0ad357258d\"],\"host\":[\"127.0.0.1:8000\"],\"accept-encoding\":[\"gzip, deflate, br\"],\"connection\":[\"keep-alive\"],\"content-length\":[\"81\"],\"x-request-id\":[\"5e9297cd-59ef-4dff-a1e4-b8ebfb0098ec\"]}', '{\"username\":\"ravi.verma+1@ciphersquare.tech\",\"password\":\"********\",\"request_id\":\"5e9297cd-59ef-4dff-a1e4-b8ebfb0098ec\"}', '{\"resp_code\":\"ISE\",\"resp_desc\":\"Internal server error.\",\"request_id\":\"5e9297cd-59ef-4dff-a1e4-b8ebfb0098ec\",\"data\":[]}', 500, '127.0.0.1', '48.89', '2025-01-02 12:10:45', '2025-01-02 12:10:45'),
(39, '4644377b-7a3a-44e3-854c-05885763e91a', NULL, 'POST', 'http://127.0.0.1:8000/api/v1/login', '{\"content-type\":[\"application\\/json\"],\"user-agent\":[\"PostmanRuntime\\/7.43.0\"],\"accept\":[\"*\\/*\"],\"cache-control\":[\"no-cache\"],\"postman-token\":[\"b24564d6-d726-4b1e-9522-4ef4492ccc32\"],\"host\":[\"127.0.0.1:8000\"],\"accept-encoding\":[\"gzip, deflate, br\"],\"connection\":[\"keep-alive\"],\"content-length\":[\"81\"],\"x-request-id\":[\"4644377b-7a3a-44e3-854c-05885763e91a\"]}', '{\"username\":\"ravi.verma+1@ciphersquare.tech\",\"password\":\"********\",\"request_id\":\"4644377b-7a3a-44e3-854c-05885763e91a\"}', '{\"resp_code\":\"RCS\",\"resp_desc\":\"Logged in successfully.\",\"request_id\":\"4644377b-7a3a-44e3-854c-05885763e91a\",\"data\":{\"type\":\"Bearer\",\"token\":\"eyJ0eXAiOiJKV1QiLCJhbGciOiJIUzI1NiJ9.eyJyaWQiOiI0NjQ0Mzc3Yi03YTNhLTQ0ZTMtODU0Yy0wNTg4NTc2M2U5MWEiLCJ1aWQiOiJVU1IwMDAwMDEiLCJ1cnQiOiIyIiwiaXAiOiIxMjcuMC4wLjEiLCJsb2dnZWRfaW5fYXQiOiIyMDI1LTAxLTAyIDE3OjQxOjEyIn0.qjkMnKEmzmptOqr--FlgaPCz456OgJfQPfo8orA73ZY\",\"user_detail\":{\"uid\":\"USR000001\",\"user_name\":\"ravi\",\"email\":\"ravi.verma+1@ciphersquare.tech\",\"mobile\":\"9876543210\",\"role_id\":\"2\",\"role_name\":\"User\"},\"logged_in_at\":\"2025-01-02 17:41:12\"}}', 200, '127.0.0.1', '23.12', '2025-01-02 12:11:12', '2025-01-02 12:11:12'),
(40, 'acb43a02-2c18-45e0-a574-c6762467f802', NULL, 'POST', 'http://127.0.0.1:8000/api/v1/login', '{\"content-type\":[\"application\\/json\"],\"user-agent\":[\"PostmanRuntime\\/7.43.0\"],\"accept\":[\"*\\/*\"],\"cache-control\":[\"no-cache\"],\"postman-token\":[\"682762ff-9681-4b73-934f-273ff1d4602b\"],\"host\":[\"127.0.0.1:8000\"],\"accept-encoding\":[\"gzip, deflate, br\"],\"connection\":[\"keep-alive\"],\"content-length\":[\"71\"],\"x-request-id\":[\"acb43a02-2c18-45e0-a574-c6762467f802\"]}', '{\"username\":\"ravi.verma@ciphersquare.tech\",\"password\":null,\"request_id\":\"acb43a02-2c18-45e0-a574-c6762467f802\"}', '{\"resp_code\":\"IRD\",\"resp_desc\":\"The password field is required.\",\"request_id\":\"acb43a02-2c18-45e0-a574-c6762467f802\",\"data\":[]}', 400, '127.0.0.1', '142.19', '2025-01-03 07:42:54', '2025-01-03 07:42:54'),
(41, 'f7a92795-fed8-48e6-b76a-4b16e1cbac7e', NULL, 'POST', 'http://127.0.0.1:8000/api/v1/login', '{\"content-type\":[\"application\\/json\"],\"user-agent\":[\"PostmanRuntime\\/7.43.0\"],\"accept\":[\"*\\/*\"],\"cache-control\":[\"no-cache\"],\"postman-token\":[\"ede0b65c-3fbc-4b9b-8a5e-6fd715d46b8f\"],\"host\":[\"127.0.0.1:8000\"],\"accept-encoding\":[\"gzip, deflate, br\"],\"connection\":[\"keep-alive\"],\"content-length\":[\"81\"],\"x-request-id\":[\"f7a92795-fed8-48e6-b76a-4b16e1cbac7e\"]}', '{\"username\":\"ravi.verma@ciphersquare.tech\",\"password\":\"**********\",\"request_id\":\"f7a92795-fed8-48e6-b76a-4b16e1cbac7e\"}', '{\"resp_code\":\"RCS\",\"resp_desc\":\"Logged in successfully.\",\"request_id\":\"f7a92795-fed8-48e6-b76a-4b16e1cbac7e\",\"data\":{\"type\":\"Bearer\",\"token\":\"eyJ0eXAiOiJKV1QiLCJhbGciOiJIUzI1NiJ9.eyJyaWQiOiJmN2E5Mjc5NS1mZWQ4LTQ4ZTYtYjc2YS00YjE2ZTFjYmFjN2UiLCJ1aWQiOiJBRE0wMDAwMDEiLCJ1cnQiOiIxIiwiaXAiOiIxMjcuMC4wLjEiLCJsb2dnZWRfaW5fYXQiOiIyMDI1LTAxLTAzIDEzOjE1OjExIn0.e59-YL9II_wBs3DvxlSx-J4j6DXxLJGIyaqEWUP_Sy8\",\"user_detail\":{\"uid\":\"ADM000001\",\"user_name\":\"Admin\",\"email\":\"ravi.verma@ciphersquare.tech\",\"mobile\":\"7355988863\",\"role_id\":\"1\",\"role_name\":\"Admin\"},\"logged_in_at\":\"2025-01-03 13:15:11\"}}', 200, '127.0.0.1', '190.59', '2025-01-03 07:45:11', '2025-01-03 07:45:11'),
(42, 'fcd688b1-a92e-467d-849a-51cd2a6a0779', NULL, 'POST', 'http://127.0.0.1:8000/api/v1/userRegistration', '{\"content-type\":[\"application\\/json\"],\"user-agent\":[\"PostmanRuntime\\/7.43.0\"],\"accept\":[\"*\\/*\"],\"cache-control\":[\"no-cache\"],\"postman-token\":[\"20b3d644-caa9-43e6-a193-f6403ae2a05a\"],\"host\":[\"127.0.0.1:8000\"],\"accept-encoding\":[\"gzip, deflate, br\"],\"connection\":[\"keep-alive\"],\"content-length\":[\"244\"],\"x-request-id\":[\"fcd688b1-a92e-467d-849a-51cd2a6a0779\"]}', '{\"name\":\"ravi\",\"email\":\"ravi.verma+1@ciphersquare.tech\",\"mobile\":\"9876543210\",\"gender\":\"MALE\",\"dob\":\"2012-12-04\",\"city\":\"goa\",\"state\":\"goa\",\"country\":\"India\",\"address\":\"New Delhi , India\",\"request_id\":\"fcd688b1-a92e-467d-849a-51cd2a6a0779\"}', '{\"resp_code\":\"IRD\",\"resp_desc\":\"The email has already been taken.\",\"request_id\":\"fcd688b1-a92e-467d-849a-51cd2a6a0779\",\"data\":[]}', 400, '127.0.0.1', '96.52', '2025-01-03 07:47:26', '2025-01-03 07:47:26'),
(43, '03682e66-2a3f-41e8-8b12-3352b6c24246', NULL, 'POST', 'http://127.0.0.1:8000/api/v1/userRegistration', '{\"content-type\":[\"application\\/json\"],\"user-agent\":[\"PostmanRuntime\\/7.43.0\"],\"accept\":[\"*\\/*\"],\"cache-control\":[\"no-cache\"],\"postman-token\":[\"0efc88b9-f21a-4a76-9841-a431f2785650\"],\"host\":[\"127.0.0.1:8000\"],\"accept-encoding\":[\"gzip, deflate, br\"],\"connection\":[\"keep-alive\"],\"content-length\":[\"244\"],\"x-request-id\":[\"03682e66-2a3f-41e8-8b12-3352b6c24246\"]}', '{\"name\":\"ravi\",\"email\":\"ravi.verma+2@ciphersquare.tech\",\"mobile\":\"9876543210\",\"gender\":\"MALE\",\"dob\":\"2012-12-04\",\"city\":\"goa\",\"state\":\"goa\",\"country\":\"India\",\"address\":\"New Delhi , India\",\"request_id\":\"03682e66-2a3f-41e8-8b12-3352b6c24246\"}', '{\"resp_code\":\"IRD\",\"resp_desc\":\"The mobile number has already been taken.\",\"request_id\":\"03682e66-2a3f-41e8-8b12-3352b6c24246\",\"data\":[]}', 400, '127.0.0.1', '38.98', '2025-01-03 07:47:33', '2025-01-03 07:47:33'),
(44, '0f51db61-7000-4c15-a625-4baaac043156', NULL, 'POST', 'http://127.0.0.1:8000/api/v1/userRegistration', '{\"content-type\":[\"application\\/json\"],\"user-agent\":[\"PostmanRuntime\\/7.43.0\"],\"accept\":[\"*\\/*\"],\"cache-control\":[\"no-cache\"],\"postman-token\":[\"7619dc01-b22d-46e9-a302-e975e2a7ec9f\"],\"host\":[\"127.0.0.1:8000\"],\"accept-encoding\":[\"gzip, deflate, br\"],\"connection\":[\"keep-alive\"],\"content-length\":[\"244\"],\"x-request-id\":[\"0f51db61-7000-4c15-a625-4baaac043156\"]}', '{\"name\":\"ravi\",\"email\":\"ravi.verma+2@ciphersquare.tech\",\"mobile\":\"9876543211\",\"gender\":\"MALE\",\"dob\":\"2012-12-04\",\"city\":\"goa\",\"state\":\"goa\",\"country\":\"India\",\"address\":\"New Delhi , India\",\"request_id\":\"0f51db61-7000-4c15-a625-4baaac043156\"}', '{\"resp_code\":\"RCS\",\"resp_desc\":\"OTP sent successfully\",\"request_id\":\"0f51db61-7000-4c15-a625-4baaac043156\",\"data\":{\"otp_reference\":\"130117751777402025\",\"registration_reference\":\"REG20250103011740XLDVKH\"}}', 200, '127.0.0.1', '96.45', '2025-01-03 07:47:40', '2025-01-03 07:47:40'),
(45, '6c55942c-e1e3-4935-aec4-e9bd34be60e0', NULL, 'POST', 'http://127.0.0.1:8000/api/v1/verifyRegistrationOtp', '{\"content-type\":[\"application\\/json\"],\"user-agent\":[\"PostmanRuntime\\/7.43.0\"],\"accept\":[\"*\\/*\"],\"cache-control\":[\"no-cache\"],\"postman-token\":[\"f6d655d4-0a2d-46e8-a8aa-ca22fe04439a\"],\"host\":[\"127.0.0.1:8000\"],\"accept-encoding\":[\"gzip, deflate, br\"],\"connection\":[\"keep-alive\"],\"content-length\":[\"127\"],\"x-request-id\":[\"6c55942c-e1e3-4935-aec4-e9bd34be60e0\"]}', '{\"registration_reference\":\"REG20250103011740XLDVKH\",\"otp_reference\":\"130117751777402025\",\"otp\":\"402653\",\"request_id\":\"6c55942c-e1e3-4935-aec4-e9bd34be60e0\"}', '{\"resp_code\":\"ERR\",\"resp_desc\":\"Invalid requested otp detail\",\"request_id\":\"6c55942c-e1e3-4935-aec4-e9bd34be60e0\",\"data\":[]}', 400, '127.0.0.1', '114.79', '2025-01-03 07:49:33', '2025-01-03 07:49:34'),
(46, '5627e12c-d8c5-4181-825e-3991d6777934', NULL, 'POST', 'http://127.0.0.1:8000/api/v1/verifyRegistrationOtp', '{\"content-type\":[\"application\\/json\"],\"user-agent\":[\"PostmanRuntime\\/7.43.0\"],\"accept\":[\"*\\/*\"],\"cache-control\":[\"no-cache\"],\"postman-token\":[\"50324371-cf4f-45ca-ac43-f09c7123cd1f\"],\"host\":[\"127.0.0.1:8000\"],\"accept-encoding\":[\"gzip, deflate, br\"],\"connection\":[\"keep-alive\"],\"content-length\":[\"127\"],\"x-request-id\":[\"5627e12c-d8c5-4181-825e-3991d6777934\"]}', '{\"registration_reference\":\"REG20250103011740XLDVKH\",\"otp_reference\":\"130117751777402025\",\"otp\":\"864095\",\"request_id\":\"5627e12c-d8c5-4181-825e-3991d6777934\"}', '{\"resp_code\":\"RCS\",\"resp_desc\":\"User registered successfully\",\"request_id\":\"5627e12c-d8c5-4181-825e-3991d6777934\",\"data\":[]}', 200, '127.0.0.1', '91.6', '2025-01-03 07:49:42', '2025-01-03 07:49:42'),
(47, '6841a4b6-26bc-4c3e-9967-64f730738a73', NULL, 'POST', 'http://127.0.0.1:8000/api/v1/userRegistration', '{\"content-type\":[\"application\\/json\"],\"user-agent\":[\"PostmanRuntime\\/7.43.0\"],\"accept\":[\"*\\/*\"],\"cache-control\":[\"no-cache\"],\"postman-token\":[\"1e31a194-7aad-4838-8855-191a505aeccf\"],\"host\":[\"127.0.0.1:8000\"],\"accept-encoding\":[\"gzip, deflate, br\"],\"connection\":[\"keep-alive\"],\"content-length\":[\"244\"],\"x-request-id\":[\"6841a4b6-26bc-4c3e-9967-64f730738a73\"]}', '{\"name\":\"ravi\",\"email\":\"ravi.verma+2@ciphersquare.tech\",\"mobile\":\"9876543211\",\"gender\":\"MALE\",\"dob\":\"2012-12-04\",\"city\":\"goa\",\"state\":\"goa\",\"country\":\"India\",\"address\":\"New Delhi , India\",\"request_id\":\"6841a4b6-26bc-4c3e-9967-64f730738a73\"}', '{\"resp_code\":\"IRD\",\"resp_desc\":\"The email has already been taken.\",\"request_id\":\"6841a4b6-26bc-4c3e-9967-64f730738a73\",\"data\":[]}', 400, '127.0.0.1', '43.27', '2025-01-03 07:49:55', '2025-01-03 07:49:55'),
(48, '7fd44a09-f6e4-478f-9f35-ef026b04c607', NULL, 'POST', 'http://127.0.0.1:8000/api/v1/userRegistration', '{\"content-type\":[\"application\\/json\"],\"user-agent\":[\"PostmanRuntime\\/7.43.0\"],\"accept\":[\"*\\/*\"],\"cache-control\":[\"no-cache\"],\"postman-token\":[\"7d2a1830-a633-405b-9e0d-67f60646866d\"],\"host\":[\"127.0.0.1:8000\"],\"accept-encoding\":[\"gzip, deflate, br\"],\"connection\":[\"keep-alive\"],\"content-length\":[\"244\"],\"x-request-id\":[\"7fd44a09-f6e4-478f-9f35-ef026b04c607\"]}', '{\"name\":\"ravi\",\"email\":\"ravi.verma+1@ciphersquare.tech\",\"mobile\":\"9876543210\",\"gender\":\"MALE\",\"dob\":\"2012-12-04\",\"city\":\"goa\",\"state\":\"goa\",\"country\":\"India\",\"address\":\"New Delhi , India\",\"request_id\":\"7fd44a09-f6e4-478f-9f35-ef026b04c607\"}', '{\"resp_code\":\"RCS\",\"resp_desc\":\"OTP sent successfully\",\"request_id\":\"7fd44a09-f6e4-478f-9f35-ef026b04c607\",\"data\":{\"otp_reference\":\"100159456743012025\",\"registration_reference\":\"REG202501201059019J07UB\"}}', 200, '127.0.0.1', '595.11', '2025-01-20 05:29:00', '2025-01-20 05:29:01'),
(49, '855bbcf1-c381-4605-8ce3-b139249ca8a2', NULL, 'POST', 'http://127.0.0.1:8000/api/v1/verifyRegistrationOtp', '{\"content-type\":[\"application\\/json\"],\"user-agent\":[\"PostmanRuntime\\/7.43.0\"],\"accept\":[\"*\\/*\"],\"cache-control\":[\"no-cache\"],\"postman-token\":[\"13834304-285a-4adc-93a4-92ce01d4bf68\"],\"host\":[\"127.0.0.1:8000\"],\"accept-encoding\":[\"gzip, deflate, br\"],\"connection\":[\"keep-alive\"],\"content-length\":[\"127\"],\"x-request-id\":[\"855bbcf1-c381-4605-8ce3-b139249ca8a2\"]}', '{\"registration_reference\":\"REG202501201059019J07UB\",\"otp_reference\":\"100159456743012025\",\"otp\":\"331774\",\"request_id\":\"855bbcf1-c381-4605-8ce3-b139249ca8a2\"}', NULL, NULL, '127.0.0.1', NULL, '2025-01-20 05:31:53', '2025-01-20 05:31:53'),
(50, '454b649a-a6e3-4f19-b3fb-775eccc468e5', NULL, 'POST', 'http://127.0.0.1:8000/api/v1/verifyRegistrationOtp', '{\"content-type\":[\"application\\/json\"],\"user-agent\":[\"PostmanRuntime\\/7.43.0\"],\"accept\":[\"*\\/*\"],\"cache-control\":[\"no-cache\"],\"postman-token\":[\"6d45f280-f02a-4e1a-84e4-4a7fe9c4337d\"],\"host\":[\"127.0.0.1:8000\"],\"accept-encoding\":[\"gzip, deflate, br\"],\"connection\":[\"keep-alive\"],\"content-length\":[\"127\"],\"x-request-id\":[\"454b649a-a6e3-4f19-b3fb-775eccc468e5\"]}', '{\"registration_reference\":\"REG202501201059019J07UB\",\"otp_reference\":\"100159456743012025\",\"otp\":\"331774\",\"request_id\":\"454b649a-a6e3-4f19-b3fb-775eccc468e5\"}', '{\"resp_code\":\"RCS\",\"resp_desc\":\"User registered successfully\",\"request_id\":\"454b649a-a6e3-4f19-b3fb-775eccc468e5\",\"data\":[]}', 200, '127.0.0.1', '38.91', '2025-01-20 05:32:30', '2025-01-20 05:32:30'),
(51, '04eac90e-3fd5-4db8-9d70-d5a3050f6bc4', NULL, 'POST', 'http://127.0.0.1:8000/api/v1/verifyRegistrationOtp', '{\"content-type\":[\"application\\/json\"],\"user-agent\":[\"PostmanRuntime\\/7.43.0\"],\"accept\":[\"*\\/*\"],\"cache-control\":[\"no-cache\"],\"postman-token\":[\"2de13035-4654-4387-88ab-5773bafd65f8\"],\"host\":[\"127.0.0.1:8000\"],\"accept-encoding\":[\"gzip, deflate, br\"],\"connection\":[\"keep-alive\"],\"content-length\":[\"127\"],\"x-request-id\":[\"04eac90e-3fd5-4db8-9d70-d5a3050f6bc4\"]}', '{\"registration_reference\":\"REG202501201059019J07UB\",\"otp_reference\":\"100159456743012025\",\"otp\":\"331774\",\"request_id\":\"04eac90e-3fd5-4db8-9d70-d5a3050f6bc4\"}', '{\"resp_code\":\"ERR\",\"resp_desc\":\"User already registered with requested details.\",\"request_id\":\"04eac90e-3fd5-4db8-9d70-d5a3050f6bc4\",\"data\":[]}', 400, '127.0.0.1', '48.31', '2025-01-20 05:33:15', '2025-01-20 05:33:15'),
(52, 'db81b357-c7bd-43ae-81cb-a51ac14a34d8', NULL, 'POST', 'http://127.0.0.1:8000/api/v1/verifyRegistrationOtp', '{\"content-type\":[\"application\\/json\"],\"user-agent\":[\"PostmanRuntime\\/7.43.0\"],\"accept\":[\"*\\/*\"],\"cache-control\":[\"no-cache\"],\"postman-token\":[\"2a36b9cb-07ee-4889-977e-5569ede09f22\"],\"host\":[\"127.0.0.1:8000\"],\"accept-encoding\":[\"gzip, deflate, br\"],\"connection\":[\"keep-alive\"],\"content-length\":[\"127\"],\"x-request-id\":[\"db81b357-c7bd-43ae-81cb-a51ac14a34d8\"]}', '{\"registration_reference\":\"REG202501201059019J07UB\",\"otp_reference\":\"100159456743012025\",\"otp\":\"331774\",\"request_id\":\"db81b357-c7bd-43ae-81cb-a51ac14a34d8\"}', NULL, NULL, '127.0.0.1', NULL, '2025-01-20 05:33:34', '2025-01-20 05:33:34'),
(53, 'fd2114bb-02b6-4e1d-b965-f009c2700679', NULL, 'POST', 'http://127.0.0.1:8000/api/v1/verifyRegistrationOtp', '{\"content-type\":[\"application\\/json\"],\"user-agent\":[\"PostmanRuntime\\/7.43.0\"],\"accept\":[\"*\\/*\"],\"cache-control\":[\"no-cache\"],\"postman-token\":[\"b1891954-0e2b-4233-bf7a-066575a13c9a\"],\"host\":[\"127.0.0.1:8000\"],\"accept-encoding\":[\"gzip, deflate, br\"],\"connection\":[\"keep-alive\"],\"content-length\":[\"127\"],\"x-request-id\":[\"fd2114bb-02b6-4e1d-b965-f009c2700679\"]}', '{\"registration_reference\":\"REG202501201059019J07UB\",\"otp_reference\":\"100159456743012025\",\"otp\":\"331774\",\"request_id\":\"fd2114bb-02b6-4e1d-b965-f009c2700679\"}', '{\"resp_code\":\"RCS\",\"resp_desc\":\"User registered successfully\",\"request_id\":\"fd2114bb-02b6-4e1d-b965-f009c2700679\",\"data\":[]}', 200, '127.0.0.1', '58.11', '2025-01-20 05:34:49', '2025-01-20 05:34:49'),
(54, '9efd3bff-5833-4875-bd48-d5d33540dea5', NULL, 'POST', 'http://127.0.0.1:8000/api/v1/login', '{\"content-type\":[\"application\\/json\"],\"user-agent\":[\"PostmanRuntime\\/7.43.0\"],\"accept\":[\"*\\/*\"],\"cache-control\":[\"no-cache\"],\"postman-token\":[\"ad0bf766-11ea-49f9-a8d2-af4bd7d1efdf\"],\"host\":[\"127.0.0.1:8000\"],\"accept-encoding\":[\"gzip, deflate, br\"],\"connection\":[\"keep-alive\"],\"content-length\":[\"81\"],\"x-request-id\":[\"9efd3bff-5833-4875-bd48-d5d33540dea5\"]}', '{\"username\":\"ravi.verma+1@ciphersquare.tech\",\"password\":\"********\",\"request_id\":\"9efd3bff-5833-4875-bd48-d5d33540dea5\"}', '{\"resp_code\":\"RCS\",\"resp_desc\":\"Logged in successfully.\",\"request_id\":\"9efd3bff-5833-4875-bd48-d5d33540dea5\",\"data\":{\"type\":\"Bearer\",\"token\":\"eyJ0eXAiOiJKV1QiLCJhbGciOiJIUzI1NiJ9.eyJyaWQiOiI5ZWZkM2JmZi01ODMzLTQ4NzUtYmQ0OC1kNWQzMzU0MGRlYTUiLCJ1aWQiOiJVU1IwMDAwMDEiLCJ1cnQiOiIyIiwiaXAiOiIxMjcuMC4wLjEiLCJsb2dnZWRfaW5fYXQiOiIyMDI1LTAxLTIwIDExOjEyOjIwIn0.unoUWWb3_eQcRO_FBceP3_n23ArHXTR_2Al6YbF68a8\",\"user_detail\":{\"uid\":\"USR000001\",\"user_name\":\"ravi\",\"email\":\"ravi.verma+1@ciphersquare.tech\",\"mobile\":\"9876543210\",\"role_id\":\"2\",\"role_name\":\"User\"},\"logged_in_at\":\"2025-01-20 11:12:20\"}}', 200, '127.0.0.1', '60.83', '2025-01-20 05:42:20', '2025-01-20 05:42:20'),
(55, 'bf4620fa-51ad-409b-8993-8fac571b1bb7', NULL, 'POST', 'http://127.0.0.1:8000/api/v1/login', '{\"content-type\":[\"application\\/json\"],\"user-agent\":[\"PostmanRuntime\\/7.43.0\"],\"accept\":[\"*\\/*\"],\"cache-control\":[\"no-cache\"],\"postman-token\":[\"17c29aa0-0c28-4127-ac7f-161242ead1ca\"],\"host\":[\"127.0.0.1:8000\"],\"accept-encoding\":[\"gzip, deflate, br\"],\"connection\":[\"keep-alive\"],\"content-length\":[\"81\"],\"x-request-id\":[\"bf4620fa-51ad-409b-8993-8fac571b1bb7\"]}', '{\"username\":\"ravi.verma@ciphersquare.tech\",\"password\":\"**********\",\"request_id\":\"bf4620fa-51ad-409b-8993-8fac571b1bb7\"}', '{\"resp_code\":\"RCS\",\"resp_desc\":\"Logged in successfully.\",\"request_id\":\"bf4620fa-51ad-409b-8993-8fac571b1bb7\",\"data\":{\"type\":\"Bearer\",\"token\":\"eyJ0eXAiOiJKV1QiLCJhbGciOiJIUzI1NiJ9.eyJyaWQiOiJiZjQ2MjBmYS01MWFkLTQwOWItODk5My04ZmFjNTcxYjFiYjciLCJ1aWQiOiJBRE0wMDAwMDEiLCJ1cnQiOiIxIiwiaXAiOiIxMjcuMC4wLjEiLCJsb2dnZWRfaW5fYXQiOiIyMDI1LTAxLTIwIDExOjM2OjAwIn0.6B768HJQ-Q7GkAsHSLnkYtUW-tij06LBla8XIbnzqk8\",\"user_detail\":{\"uid\":\"ADM000001\",\"user_name\":\"Admin\",\"email\":\"ravi.verma@ciphersquare.tech\",\"mobile\":\"7355988863\",\"role_id\":\"1\",\"role_name\":\"Admin\"},\"logged_in_at\":\"2025-01-20 11:36:00\"}}', 200, '127.0.0.1', '45.54', '2025-01-20 06:06:00', '2025-01-20 06:06:00'),
(56, '981b917b-ee35-4d54-b7d3-874b6b354a17', NULL, 'POST', 'http://127.0.0.1:8000/api/v1/login', '{\"content-type\":[\"application\\/json\"],\"user-agent\":[\"PostmanRuntime\\/7.43.0\"],\"accept\":[\"*\\/*\"],\"cache-control\":[\"no-cache\"],\"postman-token\":[\"71e96d87-a311-4c4c-8a4a-ba98feb90070\"],\"host\":[\"127.0.0.1:8000\"],\"accept-encoding\":[\"gzip, deflate, br\"],\"connection\":[\"keep-alive\"],\"content-length\":[\"83\"],\"x-request-id\":[\"981b917b-ee35-4d54-b7d3-874b6b354a17\"]}', '{\"username\":\"ravi.verma+1@ciphersquare.tech\",\"password\":\"**********\",\"request_id\":\"981b917b-ee35-4d54-b7d3-874b6b354a17\"}', '{\"resp_code\":\"IRD\",\"resp_desc\":\"Invalid username or password.\",\"request_id\":\"981b917b-ee35-4d54-b7d3-874b6b354a17\",\"data\":[]}', 400, '127.0.0.1', '38.26', '2025-01-20 06:10:49', '2025-01-20 06:10:49');
INSERT INTO `rest_api_logs` (`id`, `request_id`, `uid`, `method`, `url`, `headers`, `payload`, `response`, `status_code`, `ip`, `duration`, `created_at`, `updated_at`) VALUES
(57, '024b680c-9043-412e-99a3-c0fd53178b37', NULL, 'POST', 'http://127.0.0.1:8000/api/v1/login', '{\"content-type\":[\"application\\/json\"],\"user-agent\":[\"PostmanRuntime\\/7.43.0\"],\"accept\":[\"*\\/*\"],\"cache-control\":[\"no-cache\"],\"postman-token\":[\"a87c2f7d-0396-4e16-a961-84092cbfaf33\"],\"host\":[\"127.0.0.1:8000\"],\"accept-encoding\":[\"gzip, deflate, br\"],\"connection\":[\"keep-alive\"],\"content-length\":[\"81\"],\"x-request-id\":[\"024b680c-9043-412e-99a3-c0fd53178b37\"]}', '{\"username\":\"ravi.verma+1@ciphersquare.tech\",\"password\":\"********\",\"request_id\":\"024b680c-9043-412e-99a3-c0fd53178b37\"}', '{\"resp_code\":\"RCS\",\"resp_desc\":\"Logged in successfully.\",\"request_id\":\"024b680c-9043-412e-99a3-c0fd53178b37\",\"data\":{\"type\":\"Bearer\",\"token\":\"eyJ0eXAiOiJKV1QiLCJhbGciOiJIUzI1NiJ9.eyJyaWQiOiIwMjRiNjgwYy05MDQzLTQxMmUtOTlhMy1jMGZkNTMxNzhiMzciLCJ1aWQiOiJVU1IwMDAwMDEiLCJ1cnQiOiIyIiwiaXAiOiIxMjcuMC4wLjEiLCJsb2dnZWRfaW5fYXQiOiIyMDI1LTAxLTIwIDExOjQwOjU2In0.mW5g6U244lvZOxRrTAp0lxbm-r57uWz9jjUExhDRBA8\",\"user_detail\":{\"uid\":\"USR000001\",\"user_name\":\"ravi\",\"email\":\"ravi.verma+1@ciphersquare.tech\",\"mobile\":\"9876543210\",\"role_id\":\"2\",\"role_name\":\"User\"},\"logged_in_at\":\"2025-01-20 11:40:56\"}}', 200, '127.0.0.1', '24.6', '2025-01-20 06:10:56', '2025-01-20 06:10:56'),
(58, 'c63b4fe4-f37c-4cd9-ae52-5e130bb2fa90', NULL, 'POST', 'http://127.0.0.1:8000/api/v1/logout', '{\"authorization\":[\"Bearer eyJ0eXAiOiJKV1QiLCJhbGciOiJIUzI1NiJ9.eyJyaWQiOiIwMjRiNjgwYy05MDQzLTQxMmUtOTlhMy1jMGZkNTMxNzhiMzciLCJ1aWQiOiJVU1IwMDAwMDEiLCJ1cnQiOiIyIiwiaXAiOiIxMjcuMC4wLjEiLCJsb2dnZWRfaW5fYXQiOiIyMDI1LTAxLTIwIDExOjQwOjU2In0.mW5g6U244lvZOxRrTAp0lxbm-r57uWz9jjUExhDRBA8\"],\"user-agent\":[\"PostmanRuntime\\/7.43.0\"],\"accept\":[\"*\\/*\"],\"cache-control\":[\"no-cache\"],\"postman-token\":[\"49c10b39-9e8e-47fd-b8d8-5fc0982e5f4f\"],\"host\":[\"127.0.0.1:8000\"],\"accept-encoding\":[\"gzip, deflate, br\"],\"connection\":[\"keep-alive\"],\"content-length\":[\"0\"],\"x-request-id\":[\"c63b4fe4-f37c-4cd9-ae52-5e130bb2fa90\"]}', '{\"request_id\":\"c63b4fe4-f37c-4cd9-ae52-5e130bb2fa90\"}', '{\"resp_code\":\"RCS\",\"resp_desc\":\"User logged out successfully.\",\"request_id\":\"c63b4fe4-f37c-4cd9-ae52-5e130bb2fa90\",\"data\":[]}', 200, '127.0.0.1', '13.58', '2025-01-20 06:11:08', '2025-01-20 06:11:08'),
(59, '939e7eb6-4080-4b0d-8d1e-cc8d582d810b', NULL, 'POST', 'http://127.0.0.1:8000/api/v1/changePassword', '{\"content-type\":[\"application\\/json\"],\"authorization\":[\"Bearer eyJ0eXAiOiJKV1QiLCJhbGciOiJIUzI1NiJ9.eyJyaWQiOiIwMjRiNjgwYy05MDQzLTQxMmUtOTlhMy1jMGZkNTMxNzhiMzciLCJ1aWQiOiJVU1IwMDAwMDEiLCJ1cnQiOiIyIiwiaXAiOiIxMjcuMC4wLjEiLCJsb2dnZWRfaW5fYXQiOiIyMDI1LTAxLTIwIDExOjQwOjU2In0.mW5g6U244lvZOxRrTAp0lxbm-r57uWz9jjUExhDRBA8\"],\"user-agent\":[\"PostmanRuntime\\/7.43.0\"],\"accept\":[\"*\\/*\"],\"cache-control\":[\"no-cache\"],\"postman-token\":[\"b87e429e-e9eb-4bf0-ba63-8347cf9e69a5\"],\"host\":[\"127.0.0.1:8000\"],\"accept-encoding\":[\"gzip, deflate, br\"],\"connection\":[\"keep-alive\"],\"content-length\":[\"77\"],\"x-request-id\":[\"939e7eb6-4080-4b0d-8d1e-cc8d582d810b\"]}', '{\"new_password\":\"QWERTYUIO\",\"confirm_new_password\":\"QWERTYUIO\",\"request_id\":\"939e7eb6-4080-4b0d-8d1e-cc8d582d810b\"}', '{\"resp_code\":\"IAT\",\"resp_desc\":\"Unauthorized: Invalid or inactive token.\",\"request_id\":\"939e7eb6-4080-4b0d-8d1e-cc8d582d810b\",\"data\":[]}', 401, '127.0.0.1', '21.33', '2025-01-20 06:18:24', '2025-01-20 06:18:24'),
(60, '03573043-429c-4cc1-a157-4a7d1d577b2e', NULL, 'POST', 'http://127.0.0.1:8000/api/v1/login', '{\"content-type\":[\"application\\/json\"],\"user-agent\":[\"PostmanRuntime\\/7.43.0\"],\"accept\":[\"*\\/*\"],\"cache-control\":[\"no-cache\"],\"postman-token\":[\"f6cd3d4e-4098-4832-88a6-c685468eeac0\"],\"host\":[\"127.0.0.1:8000\"],\"accept-encoding\":[\"gzip, deflate, br\"],\"connection\":[\"keep-alive\"],\"content-length\":[\"81\"],\"x-request-id\":[\"03573043-429c-4cc1-a157-4a7d1d577b2e\"]}', '{\"username\":\"ravi.verma+1@ciphersquare.tech\",\"password\":\"********\",\"request_id\":\"03573043-429c-4cc1-a157-4a7d1d577b2e\"}', '{\"resp_code\":\"RCS\",\"resp_desc\":\"Logged in successfully.\",\"request_id\":\"03573043-429c-4cc1-a157-4a7d1d577b2e\",\"data\":{\"type\":\"Bearer\",\"token\":\"eyJ0eXAiOiJKV1QiLCJhbGciOiJIUzI1NiJ9.eyJyaWQiOiIwMzU3MzA0My00MjljLTRjYzEtYTE1Ny00YTdkMWQ1NzdiMmUiLCJ1aWQiOiJVU1IwMDAwMDEiLCJ1cnQiOiIyIiwiaXAiOiIxMjcuMC4wLjEiLCJsb2dnZWRfaW5fYXQiOiIyMDI1LTAxLTIwIDExOjQ5OjA5In0.KhnIl25_tJogzZSuJcPiwgd1AM3arAPDburrmk9qN5w\",\"user_detail\":{\"uid\":\"USR000001\",\"user_name\":\"ravi\",\"email\":\"ravi.verma+1@ciphersquare.tech\",\"mobile\":\"9876543210\",\"role_id\":\"2\",\"role_name\":\"User\"},\"logged_in_at\":\"2025-01-20 11:49:09\"}}', 200, '127.0.0.1', '35.82', '2025-01-20 06:19:09', '2025-01-20 06:19:09'),
(61, '9e17a9e3-8fb4-4f22-87c8-0d9bb3c51659', NULL, 'POST', 'http://127.0.0.1:8000/api/v1/changePassword', '{\"content-type\":[\"application\\/json\"],\"authorization\":[\"Bearer eyJ0eXAiOiJKV1QiLCJhbGciOiJIUzI1NiJ9.eyJyaWQiOiIwMzU3MzA0My00MjljLTRjYzEtYTE1Ny00YTdkMWQ1NzdiMmUiLCJ1aWQiOiJVU1IwMDAwMDEiLCJ1cnQiOiIyIiwiaXAiOiIxMjcuMC4wLjEiLCJsb2dnZWRfaW5fYXQiOiIyMDI1LTAxLTIwIDExOjQ5OjA5In0.KhnIl25_tJogzZSuJcPiwgd1AM3arAPDburrmk9qN5w\"],\"user-agent\":[\"PostmanRuntime\\/7.43.0\"],\"accept\":[\"*\\/*\"],\"cache-control\":[\"no-cache\"],\"postman-token\":[\"fcef1b36-b4e2-4f7a-ae86-c5e234013553\"],\"host\":[\"127.0.0.1:8000\"],\"accept-encoding\":[\"gzip, deflate, br\"],\"connection\":[\"keep-alive\"],\"content-length\":[\"77\"],\"x-request-id\":[\"9e17a9e3-8fb4-4f22-87c8-0d9bb3c51659\"]}', '{\"new_password\":\"QWERTYUIO\",\"confirm_new_password\":\"QWERTYUIO\",\"request_id\":\"9e17a9e3-8fb4-4f22-87c8-0d9bb3c51659\"}', '', 200, '127.0.0.1', '15.91', '2025-01-20 06:20:02', '2025-01-20 06:20:02'),
(62, '75eef8e7-5ba3-4913-af08-2acb1bc3fe00', NULL, 'POST', 'http://127.0.0.1:8000/api/v1/changePassword', '{\"content-type\":[\"application\\/json\"],\"authorization\":[\"Bearer eyJ0eXAiOiJKV1QiLCJhbGciOiJIUzI1NiJ9.eyJyaWQiOiIwMzU3MzA0My00MjljLTRjYzEtYTE1Ny00YTdkMWQ1NzdiMmUiLCJ1aWQiOiJVU1IwMDAwMDEiLCJ1cnQiOiIyIiwiaXAiOiIxMjcuMC4wLjEiLCJsb2dnZWRfaW5fYXQiOiIyMDI1LTAxLTIwIDExOjQ5OjA5In0.KhnIl25_tJogzZSuJcPiwgd1AM3arAPDburrmk9qN5w\"],\"user-agent\":[\"PostmanRuntime\\/7.43.0\"],\"accept\":[\"*\\/*\"],\"cache-control\":[\"no-cache\"],\"postman-token\":[\"25e0439b-82e1-4655-820c-16388e0059cc\"],\"host\":[\"127.0.0.1:8000\"],\"accept-encoding\":[\"gzip, deflate, br\"],\"connection\":[\"keep-alive\"],\"content-length\":[\"77\"],\"x-request-id\":[\"75eef8e7-5ba3-4913-af08-2acb1bc3fe00\"]}', '{\"new_password\":\"QWERTYUIO\",\"confirm_new_password\":\"QWERTYUIO\",\"request_id\":\"75eef8e7-5ba3-4913-af08-2acb1bc3fe00\"}', '{\"resp_code\":\"IRD\",\"resp_desc\":\"The password field is required.\",\"request_id\":\"75eef8e7-5ba3-4913-af08-2acb1bc3fe00\",\"data\":[]}', 400, '127.0.0.1', '41.51', '2025-01-20 06:24:14', '2025-01-20 06:24:14'),
(63, 'b3160013-b87f-4e55-b9a7-47b354130713', NULL, 'POST', 'http://127.0.0.1:8000/api/v1/changePassword', '{\"content-type\":[\"application\\/json\"],\"authorization\":[\"Bearer eyJ0eXAiOiJKV1QiLCJhbGciOiJIUzI1NiJ9.eyJyaWQiOiIwMzU3MzA0My00MjljLTRjYzEtYTE1Ny00YTdkMWQ1NzdiMmUiLCJ1aWQiOiJVU1IwMDAwMDEiLCJ1cnQiOiIyIiwiaXAiOiIxMjcuMC4wLjEiLCJsb2dnZWRfaW5fYXQiOiIyMDI1LTAxLTIwIDExOjQ5OjA5In0.KhnIl25_tJogzZSuJcPiwgd1AM3arAPDburrmk9qN5w\"],\"user-agent\":[\"PostmanRuntime\\/7.43.0\"],\"accept\":[\"*\\/*\"],\"cache-control\":[\"no-cache\"],\"postman-token\":[\"e9129eba-6f03-4715-99a6-47a9dbce006e\"],\"host\":[\"127.0.0.1:8000\"],\"accept-encoding\":[\"gzip, deflate, br\"],\"connection\":[\"keep-alive\"],\"content-length\":[\"77\"],\"x-request-id\":[\"b3160013-b87f-4e55-b9a7-47b354130713\"]}', '{\"new_password\":\"QWERTYUIO\",\"confirm_new_password\":\"QWERTYUIO\",\"request_id\":\"b3160013-b87f-4e55-b9a7-47b354130713\"}', NULL, NULL, '127.0.0.1', NULL, '2025-01-20 06:24:26', '2025-01-20 06:24:26'),
(64, '35070b5b-9679-4d21-afff-2073f27070e2', NULL, 'POST', 'http://127.0.0.1:8000/api/v1/login', '{\"content-type\":[\"application\\/json\"],\"user-agent\":[\"PostmanRuntime\\/7.43.0\"],\"accept\":[\"*\\/*\"],\"cache-control\":[\"no-cache\"],\"postman-token\":[\"c07883e3-d2ae-4542-af3e-4aae8074c244\"],\"host\":[\"127.0.0.1:8000\"],\"accept-encoding\":[\"gzip, deflate, br\"],\"connection\":[\"keep-alive\"],\"content-length\":[\"81\"],\"x-request-id\":[\"35070b5b-9679-4d21-afff-2073f27070e2\"]}', '{\"username\":\"ravi.verma+1@ciphersquare.tech\",\"password\":\"********\",\"request_id\":\"35070b5b-9679-4d21-afff-2073f27070e2\"}', '{\"resp_code\":\"RCS\",\"resp_desc\":\"Logged in successfully.\",\"request_id\":\"35070b5b-9679-4d21-afff-2073f27070e2\",\"data\":{\"type\":\"Bearer\",\"token\":\"eyJ0eXAiOiJKV1QiLCJhbGciOiJIUzI1NiJ9.eyJyaWQiOiIzNTA3MGI1Yi05Njc5LTRkMjEtYWZmZi0yMDczZjI3MDcwZTIiLCJ1aWQiOiJVU1IwMDAwMDEiLCJ1cnQiOiIyIiwiaXAiOiIxMjcuMC4wLjEiLCJsb2dnZWRfaW5fYXQiOiIyMDI1LTAxLTIwIDExOjU5OjE3In0.DC0aE15kjquOyqn4OiAB_Y5tYtE43aLvblWRbqbEK-Y\",\"user_detail\":{\"uid\":\"USR000001\",\"user_name\":\"ravi\",\"email\":\"ravi.verma+1@ciphersquare.tech\",\"mobile\":\"9876543210\",\"role_id\":\"2\",\"role_name\":\"User\"},\"logged_in_at\":\"2025-01-20 11:59:17\"}}', 200, '127.0.0.1', '42.27', '2025-01-20 06:29:17', '2025-01-20 06:29:17'),
(65, '11688171-00fa-403f-8ae3-6769ab7d899d', NULL, 'POST', 'http://127.0.0.1:8000/api/v1/changePassword', '{\"content-type\":[\"application\\/json\"],\"authorization\":[\"Bearer eyJ0eXAiOiJKV1QiLCJhbGciOiJIUzI1NiJ9.eyJyaWQiOiIwMzU3MzA0My00MjljLTRjYzEtYTE1Ny00YTdkMWQ1NzdiMmUiLCJ1aWQiOiJVU1IwMDAwMDEiLCJ1cnQiOiIyIiwiaXAiOiIxMjcuMC4wLjEiLCJsb2dnZWRfaW5fYXQiOiIyMDI1LTAxLTIwIDExOjQ5OjA5In0.KhnIl25_tJogzZSuJcPiwgd1AM3arAPDburrmk9qN5w\"],\"user-agent\":[\"PostmanRuntime\\/7.43.0\"],\"accept\":[\"*\\/*\"],\"cache-control\":[\"no-cache\"],\"postman-token\":[\"a77f5698-6647-4c19-9983-b3df04d4f4a6\"],\"host\":[\"127.0.0.1:8000\"],\"accept-encoding\":[\"gzip, deflate, br\"],\"connection\":[\"keep-alive\"],\"content-length\":[\"77\"],\"x-request-id\":[\"11688171-00fa-403f-8ae3-6769ab7d899d\"]}', '{\"new_password\":\"QWERTYUIO\",\"confirm_new_password\":\"QWERTYUIO\",\"request_id\":\"11688171-00fa-403f-8ae3-6769ab7d899d\"}', NULL, NULL, '127.0.0.1', NULL, '2025-01-20 06:29:20', '2025-01-20 06:29:20'),
(66, 'a6bdbea0-d6bb-423b-a7cd-3641c996d2d2', NULL, 'POST', 'http://127.0.0.1:8000/api/v1/changePassword', '{\"content-type\":[\"application\\/json\"],\"authorization\":[\"Bearer eyJ0eXAiOiJKV1QiLCJhbGciOiJIUzI1NiJ9.eyJyaWQiOiIwMzU3MzA0My00MjljLTRjYzEtYTE1Ny00YTdkMWQ1NzdiMmUiLCJ1aWQiOiJVU1IwMDAwMDEiLCJ1cnQiOiIyIiwiaXAiOiIxMjcuMC4wLjEiLCJsb2dnZWRfaW5fYXQiOiIyMDI1LTAxLTIwIDExOjQ5OjA5In0.KhnIl25_tJogzZSuJcPiwgd1AM3arAPDburrmk9qN5w\"],\"user-agent\":[\"PostmanRuntime\\/7.43.0\"],\"accept\":[\"*\\/*\"],\"cache-control\":[\"no-cache\"],\"postman-token\":[\"8a0a8694-58b6-472b-822f-67896690b16f\"],\"host\":[\"127.0.0.1:8000\"],\"accept-encoding\":[\"gzip, deflate, br\"],\"connection\":[\"keep-alive\"],\"content-length\":[\"77\"],\"x-request-id\":[\"a6bdbea0-d6bb-423b-a7cd-3641c996d2d2\"]}', '{\"new_password\":\"QWERTYUIO\",\"confirm_new_password\":\"QWERTYUIO\",\"request_id\":\"a6bdbea0-d6bb-423b-a7cd-3641c996d2d2\"}', NULL, NULL, '127.0.0.1', NULL, '2025-01-20 06:29:54', '2025-01-20 06:29:54'),
(67, 'c3aadfe4-6973-444b-9ccc-7e32ceec936c', NULL, 'POST', 'http://127.0.0.1:8000/api/v1/changePassword', '{\"content-type\":[\"application\\/json\"],\"authorization\":[\"Bearer eyJ0eXAiOiJKV1QiLCJhbGciOiJIUzI1NiJ9.eyJyaWQiOiIwMzU3MzA0My00MjljLTRjYzEtYTE1Ny00YTdkMWQ1NzdiMmUiLCJ1aWQiOiJVU1IwMDAwMDEiLCJ1cnQiOiIyIiwiaXAiOiIxMjcuMC4wLjEiLCJsb2dnZWRfaW5fYXQiOiIyMDI1LTAxLTIwIDExOjQ5OjA5In0.KhnIl25_tJogzZSuJcPiwgd1AM3arAPDburrmk9qN5w\"],\"user-agent\":[\"PostmanRuntime\\/7.43.0\"],\"accept\":[\"*\\/*\"],\"cache-control\":[\"no-cache\"],\"postman-token\":[\"477eb9de-eef5-45a0-b87b-996ed8e0deeb\"],\"host\":[\"127.0.0.1:8000\"],\"accept-encoding\":[\"gzip, deflate, br\"],\"connection\":[\"keep-alive\"],\"content-length\":[\"77\"],\"x-request-id\":[\"c3aadfe4-6973-444b-9ccc-7e32ceec936c\"]}', '{\"new_password\":\"QWERTYUIO\",\"confirm_new_password\":\"QWERTYUIO\",\"request_id\":\"c3aadfe4-6973-444b-9ccc-7e32ceec936c\"}', NULL, NULL, '127.0.0.1', NULL, '2025-01-20 06:31:07', '2025-01-20 06:31:07'),
(68, 'c2aa33dd-b71a-4631-ad68-1246e4660f4a', NULL, 'POST', 'http://127.0.0.1:8000/api/v1/changePassword', '{\"content-type\":[\"application\\/json\"],\"authorization\":[\"Bearer eyJ0eXAiOiJKV1QiLCJhbGciOiJIUzI1NiJ9.eyJyaWQiOiIwMzU3MzA0My00MjljLTRjYzEtYTE1Ny00YTdkMWQ1NzdiMmUiLCJ1aWQiOiJVU1IwMDAwMDEiLCJ1cnQiOiIyIiwiaXAiOiIxMjcuMC4wLjEiLCJsb2dnZWRfaW5fYXQiOiIyMDI1LTAxLTIwIDExOjQ5OjA5In0.KhnIl25_tJogzZSuJcPiwgd1AM3arAPDburrmk9qN5w\"],\"user-agent\":[\"PostmanRuntime\\/7.43.0\"],\"accept\":[\"*\\/*\"],\"cache-control\":[\"no-cache\"],\"postman-token\":[\"371ed326-a350-413a-bb84-bf714b761eb3\"],\"host\":[\"127.0.0.1:8000\"],\"accept-encoding\":[\"gzip, deflate, br\"],\"connection\":[\"keep-alive\"],\"content-length\":[\"78\"],\"x-request-id\":[\"c2aa33dd-b71a-4631-ad68-1246e4660f4a\"]}', '{\"new_password\":\"QWERTYUIO\",\"confirm_new_password\":\"QWERTYUIOd\",\"request_id\":\"c2aa33dd-b71a-4631-ad68-1246e4660f4a\"}', '{\"resp_code\":\"IRD\",\"resp_desc\":\"The confirm new password field must match new password.\",\"request_id\":\"c2aa33dd-b71a-4631-ad68-1246e4660f4a\",\"data\":[]}', 400, '127.0.0.1', '21.4', '2025-01-20 06:31:18', '2025-01-20 06:31:18'),
(69, 'b34b9f7c-ce44-4462-af5c-1492310d88df', NULL, 'POST', 'http://127.0.0.1:8000/api/v1/changePassword', '{\"content-type\":[\"application\\/json\"],\"authorization\":[\"Bearer eyJ0eXAiOiJKV1QiLCJhbGciOiJIUzI1NiJ9.eyJyaWQiOiIwMzU3MzA0My00MjljLTRjYzEtYTE1Ny00YTdkMWQ1NzdiMmUiLCJ1aWQiOiJVU1IwMDAwMDEiLCJ1cnQiOiIyIiwiaXAiOiIxMjcuMC4wLjEiLCJsb2dnZWRfaW5fYXQiOiIyMDI1LTAxLTIwIDExOjQ5OjA5In0.KhnIl25_tJogzZSuJcPiwgd1AM3arAPDburrmk9qN5w\"],\"user-agent\":[\"PostmanRuntime\\/7.43.0\"],\"accept\":[\"*\\/*\"],\"cache-control\":[\"no-cache\"],\"postman-token\":[\"fbe617af-4aa3-44ac-9366-ee43ff105807\"],\"host\":[\"127.0.0.1:8000\"],\"accept-encoding\":[\"gzip, deflate, br\"],\"connection\":[\"keep-alive\"],\"content-length\":[\"78\"],\"x-request-id\":[\"b34b9f7c-ce44-4462-af5c-1492310d88df\"]}', '{\"new_password\":\"QWERTYUIO\",\"confirm_new_password\":\"QWERTYUIOd\",\"request_id\":\"b34b9f7c-ce44-4462-af5c-1492310d88df\"}', '{\"resp_code\":\"IRD\",\"resp_desc\":\"The password must include at least one uppercase letter, one number, and one special character.\",\"request_id\":\"b34b9f7c-ce44-4462-af5c-1492310d88df\",\"data\":[]}', 400, '127.0.0.1', '33.36', '2025-01-20 07:14:52', '2025-01-20 07:14:52'),
(70, '297b1636-555d-47bc-a2e7-7a6d3a1cd836', NULL, 'POST', 'http://127.0.0.1:8000/api/v1/changePassword', '{\"content-type\":[\"application\\/json\"],\"authorization\":[\"Bearer eyJ0eXAiOiJKV1QiLCJhbGciOiJIUzI1NiJ9.eyJyaWQiOiIwMzU3MzA0My00MjljLTRjYzEtYTE1Ny00YTdkMWQ1NzdiMmUiLCJ1aWQiOiJVU1IwMDAwMDEiLCJ1cnQiOiIyIiwiaXAiOiIxMjcuMC4wLjEiLCJsb2dnZWRfaW5fYXQiOiIyMDI1LTAxLTIwIDExOjQ5OjA5In0.KhnIl25_tJogzZSuJcPiwgd1AM3arAPDburrmk9qN5w\"],\"user-agent\":[\"PostmanRuntime\\/7.43.0\"],\"accept\":[\"*\\/*\"],\"cache-control\":[\"no-cache\"],\"postman-token\":[\"a48257ea-05b7-424b-a067-59b2cc02cc66\"],\"host\":[\"127.0.0.1:8000\"],\"accept-encoding\":[\"gzip, deflate, br\"],\"connection\":[\"keep-alive\"],\"content-length\":[\"78\"],\"x-request-id\":[\"297b1636-555d-47bc-a2e7-7a6d3a1cd836\"]}', '{\"new_password\":\"ravi@1234\",\"confirm_new_password\":\"QWERTYUIOd\",\"request_id\":\"297b1636-555d-47bc-a2e7-7a6d3a1cd836\"}', '{\"resp_code\":\"IRD\",\"resp_desc\":\"The password must include at least one uppercase letter, one number, and one special character.\",\"request_id\":\"297b1636-555d-47bc-a2e7-7a6d3a1cd836\",\"data\":[]}', 400, '127.0.0.1', '17.72', '2025-01-20 07:15:12', '2025-01-20 07:15:12'),
(71, 'ae6c7186-330f-45c3-a5be-f971e4886b4b', NULL, 'POST', 'http://127.0.0.1:8000/api/v1/changePassword', '{\"content-type\":[\"application\\/json\"],\"authorization\":[\"Bearer eyJ0eXAiOiJKV1QiLCJhbGciOiJIUzI1NiJ9.eyJyaWQiOiIwMzU3MzA0My00MjljLTRjYzEtYTE1Ny00YTdkMWQ1NzdiMmUiLCJ1aWQiOiJVU1IwMDAwMDEiLCJ1cnQiOiIyIiwiaXAiOiIxMjcuMC4wLjEiLCJsb2dnZWRfaW5fYXQiOiIyMDI1LTAxLTIwIDExOjQ5OjA5In0.KhnIl25_tJogzZSuJcPiwgd1AM3arAPDburrmk9qN5w\"],\"user-agent\":[\"PostmanRuntime\\/7.43.0\"],\"accept\":[\"*\\/*\"],\"cache-control\":[\"no-cache\"],\"postman-token\":[\"9a8a49ba-1a9d-4bdf-b97a-a9f7bc3a8a20\"],\"host\":[\"127.0.0.1:8000\"],\"accept-encoding\":[\"gzip, deflate, br\"],\"connection\":[\"keep-alive\"],\"content-length\":[\"78\"],\"x-request-id\":[\"ae6c7186-330f-45c3-a5be-f971e4886b4b\"]}', '{\"new_password\":\"Ravi@1234\",\"confirm_new_password\":\"QWERTYUIOd\",\"request_id\":\"ae6c7186-330f-45c3-a5be-f971e4886b4b\"}', '{\"resp_code\":\"IRD\",\"resp_desc\":\"The confirm password must match the new password.\",\"request_id\":\"ae6c7186-330f-45c3-a5be-f971e4886b4b\",\"data\":[]}', 400, '127.0.0.1', '17.38', '2025-01-20 07:15:17', '2025-01-20 07:15:18'),
(72, '5f3a4592-913a-468d-9d5a-deb3b05ee75d', NULL, 'POST', 'http://127.0.0.1:8000/api/v1/changePassword', '{\"content-type\":[\"application\\/json\"],\"authorization\":[\"Bearer eyJ0eXAiOiJKV1QiLCJhbGciOiJIUzI1NiJ9.eyJyaWQiOiIwMzU3MzA0My00MjljLTRjYzEtYTE1Ny00YTdkMWQ1NzdiMmUiLCJ1aWQiOiJVU1IwMDAwMDEiLCJ1cnQiOiIyIiwiaXAiOiIxMjcuMC4wLjEiLCJsb2dnZWRfaW5fYXQiOiIyMDI1LTAxLTIwIDExOjQ5OjA5In0.KhnIl25_tJogzZSuJcPiwgd1AM3arAPDburrmk9qN5w\"],\"user-agent\":[\"PostmanRuntime\\/7.43.0\"],\"accept\":[\"*\\/*\"],\"cache-control\":[\"no-cache\"],\"postman-token\":[\"c6b53598-0699-476d-8171-90e96a4be54e\"],\"host\":[\"127.0.0.1:8000\"],\"accept-encoding\":[\"gzip, deflate, br\"],\"connection\":[\"keep-alive\"],\"content-length\":[\"78\"],\"x-request-id\":[\"5f3a4592-913a-468d-9d5a-deb3b05ee75d\"]}', '{\"new_password\":\"Ravi_1234\",\"confirm_new_password\":\"QWERTYUIOd\",\"request_id\":\"5f3a4592-913a-468d-9d5a-deb3b05ee75d\"}', '{\"resp_code\":\"IRD\",\"resp_desc\":\"The confirm password must match the new password.\",\"request_id\":\"5f3a4592-913a-468d-9d5a-deb3b05ee75d\",\"data\":[]}', 400, '127.0.0.1', '17.88', '2025-01-20 07:15:30', '2025-01-20 07:15:30'),
(73, '727303cb-d7b2-4fe1-980b-0258df23fd6f', NULL, 'POST', 'http://127.0.0.1:8000/api/v1/changePassword', '{\"content-type\":[\"application\\/json\"],\"authorization\":[\"Bearer eyJ0eXAiOiJKV1QiLCJhbGciOiJIUzI1NiJ9.eyJyaWQiOiIwMzU3MzA0My00MjljLTRjYzEtYTE1Ny00YTdkMWQ1NzdiMmUiLCJ1aWQiOiJVU1IwMDAwMDEiLCJ1cnQiOiIyIiwiaXAiOiIxMjcuMC4wLjEiLCJsb2dnZWRfaW5fYXQiOiIyMDI1LTAxLTIwIDExOjQ5OjA5In0.KhnIl25_tJogzZSuJcPiwgd1AM3arAPDburrmk9qN5w\"],\"user-agent\":[\"PostmanRuntime\\/7.43.0\"],\"accept\":[\"*\\/*\"],\"cache-control\":[\"no-cache\"],\"postman-token\":[\"94dcfb61-5f8d-41c0-886a-db7c6779d07d\"],\"host\":[\"127.0.0.1:8000\"],\"accept-encoding\":[\"gzip, deflate, br\"],\"connection\":[\"keep-alive\"],\"content-length\":[\"77\"],\"x-request-id\":[\"727303cb-d7b2-4fe1-980b-0258df23fd6f\"]}', '{\"new_password\":\"Ravi@1234\",\"confirm_new_password\":\"Ravi@1234\",\"request_id\":\"727303cb-d7b2-4fe1-980b-0258df23fd6f\"}', NULL, NULL, '127.0.0.1', NULL, '2025-01-20 07:16:08', '2025-01-20 07:16:08'),
(74, '53ee7d70-f675-4166-95bc-47041066e65c', NULL, 'POST', 'http://127.0.0.1:8000/api/v1/changePassword', '{\"content-type\":[\"application\\/json\"],\"authorization\":[\"Bearer eyJ0eXAiOiJKV1QiLCJhbGciOiJIUzI1NiJ9.eyJyaWQiOiIwMzU3MzA0My00MjljLTRjYzEtYTE1Ny00YTdkMWQ1NzdiMmUiLCJ1aWQiOiJVU1IwMDAwMDEiLCJ1cnQiOiIyIiwiaXAiOiIxMjcuMC4wLjEiLCJsb2dnZWRfaW5fYXQiOiIyMDI1LTAxLTIwIDExOjQ5OjA5In0.KhnIl25_tJogzZSuJcPiwgd1AM3arAPDburrmk9qN5w\"],\"user-agent\":[\"PostmanRuntime\\/7.43.0\"],\"accept\":[\"*\\/*\"],\"cache-control\":[\"no-cache\"],\"postman-token\":[\"2ff855a4-7042-438b-8089-3730e026b6e1\"],\"host\":[\"127.0.0.1:8000\"],\"accept-encoding\":[\"gzip, deflate, br\"],\"connection\":[\"keep-alive\"],\"content-length\":[\"77\"],\"x-request-id\":[\"53ee7d70-f675-4166-95bc-47041066e65c\"]}', '{\"new_password\":\"Ravi@1234\",\"confirm_new_password\":\"Ravi@1234\",\"request_id\":\"53ee7d70-f675-4166-95bc-47041066e65c\"}', '{\"resp_code\":\"IRD\",\"resp_desc\":\"Invalid request detail .\",\"request_id\":\"53ee7d70-f675-4166-95bc-47041066e65c\",\"data\":[]}', 400, '127.0.0.1', '31', '2025-01-20 07:45:09', '2025-01-20 07:45:09'),
(75, '51ef5f6b-e100-4e81-b513-cf120d81a454', NULL, 'POST', 'http://127.0.0.1:8000/api/v1/changePassword', '{\"content-type\":[\"application\\/json\"],\"authorization\":[\"Bearer eyJ0eXAiOiJKV1QiLCJhbGciOiJIUzI1NiJ9.eyJyaWQiOiIwMzU3MzA0My00MjljLTRjYzEtYTE1Ny00YTdkMWQ1NzdiMmUiLCJ1aWQiOiJVU1IwMDAwMDEiLCJ1cnQiOiIyIiwiaXAiOiIxMjcuMC4wLjEiLCJsb2dnZWRfaW5fYXQiOiIyMDI1LTAxLTIwIDExOjQ5OjA5In0.KhnIl25_tJogzZSuJcPiwgd1AM3arAPDburrmk9qN5w\"],\"user-agent\":[\"PostmanRuntime\\/7.43.0\"],\"accept\":[\"*\\/*\"],\"cache-control\":[\"no-cache\"],\"postman-token\":[\"ea2f8541-93da-48c4-bb9e-e3cad4c3fe8f\"],\"host\":[\"127.0.0.1:8000\"],\"accept-encoding\":[\"gzip, deflate, br\"],\"connection\":[\"keep-alive\"],\"content-length\":[\"77\"],\"x-request-id\":[\"51ef5f6b-e100-4e81-b513-cf120d81a454\"]}', '{\"new_password\":\"Ravi@1234\",\"confirm_new_password\":\"Ravi@1234\",\"request_id\":\"51ef5f6b-e100-4e81-b513-cf120d81a454\"}', '{\"resp_code\":\"ERR\",\"resp_desc\":\"Process not allowed , user account is inactive.\",\"request_id\":\"51ef5f6b-e100-4e81-b513-cf120d81a454\",\"data\":[]}', 200, '127.0.0.1', '24.51', '2025-01-20 07:45:25', '2025-01-20 07:45:25'),
(76, '890477de-c796-4dcc-a5fd-0dec7251edb0', NULL, 'POST', 'http://127.0.0.1:8000/api/v1/changePassword', '{\"content-type\":[\"application\\/json\"],\"authorization\":[\"Bearer eyJ0eXAiOiJKV1QiLCJhbGciOiJIUzI1NiJ9.eyJyaWQiOiIwMzU3MzA0My00MjljLTRjYzEtYTE1Ny00YTdkMWQ1NzdiMmUiLCJ1aWQiOiJVU1IwMDAwMDEiLCJ1cnQiOiIyIiwiaXAiOiIxMjcuMC4wLjEiLCJsb2dnZWRfaW5fYXQiOiIyMDI1LTAxLTIwIDExOjQ5OjA5In0.KhnIl25_tJogzZSuJcPiwgd1AM3arAPDburrmk9qN5w\"],\"user-agent\":[\"PostmanRuntime\\/7.43.0\"],\"accept\":[\"*\\/*\"],\"cache-control\":[\"no-cache\"],\"postman-token\":[\"a576b0ac-6d15-4383-9fa3-d6c0f45e3c33\"],\"host\":[\"127.0.0.1:8000\"],\"accept-encoding\":[\"gzip, deflate, br\"],\"connection\":[\"keep-alive\"],\"content-length\":[\"77\"],\"x-request-id\":[\"890477de-c796-4dcc-a5fd-0dec7251edb0\"]}', '{\"new_password\":\"Ravi@1234\",\"confirm_new_password\":\"Ravi@1234\",\"request_id\":\"890477de-c796-4dcc-a5fd-0dec7251edb0\"}', '{\"resp_code\":\"ERR\",\"resp_desc\":\"Request not allowed , user account is inactive.\",\"request_id\":\"890477de-c796-4dcc-a5fd-0dec7251edb0\",\"data\":[]}', 200, '127.0.0.1', '20.46', '2025-01-20 07:45:44', '2025-01-20 07:45:44'),
(77, 'cffbbf71-a2fd-40ec-bf78-0d0854554826', NULL, 'POST', 'http://127.0.0.1:8000/api/v1/changePassword', '{\"content-type\":[\"application\\/json\"],\"authorization\":[\"Bearer eyJ0eXAiOiJKV1QiLCJhbGciOiJIUzI1NiJ9.eyJyaWQiOiIwMzU3MzA0My00MjljLTRjYzEtYTE1Ny00YTdkMWQ1NzdiMmUiLCJ1aWQiOiJVU1IwMDAwMDEiLCJ1cnQiOiIyIiwiaXAiOiIxMjcuMC4wLjEiLCJsb2dnZWRfaW5fYXQiOiIyMDI1LTAxLTIwIDExOjQ5OjA5In0.KhnIl25_tJogzZSuJcPiwgd1AM3arAPDburrmk9qN5w\"],\"user-agent\":[\"PostmanRuntime\\/7.43.0\"],\"accept\":[\"*\\/*\"],\"cache-control\":[\"no-cache\"],\"postman-token\":[\"6fa6ac1a-3d65-44cb-8aca-db73c21c8750\"],\"host\":[\"127.0.0.1:8000\"],\"accept-encoding\":[\"gzip, deflate, br\"],\"connection\":[\"keep-alive\"],\"content-length\":[\"77\"],\"x-request-id\":[\"cffbbf71-a2fd-40ec-bf78-0d0854554826\"]}', '{\"new_password\":\"Ravi@1234\",\"confirm_new_password\":\"Ravi@1234\",\"request_id\":\"cffbbf71-a2fd-40ec-bf78-0d0854554826\"}', '{\"resp_code\":\"ERR\",\"resp_desc\":\"Request not allowed , user account is inactive.\",\"request_id\":\"cffbbf71-a2fd-40ec-bf78-0d0854554826\",\"data\":[]}', 200, '127.0.0.1', '41.24', '2025-01-20 08:19:30', '2025-01-20 08:19:30'),
(78, '96452b16-ffcf-400f-a9e8-3bb49b0addd3', NULL, 'POST', 'http://127.0.0.1:8000/api/v1/changePassword', '{\"content-type\":[\"application\\/json\"],\"authorization\":[\"Bearer eyJ0eXAiOiJKV1QiLCJhbGciOiJIUzI1NiJ9.eyJyaWQiOiIwMzU3MzA0My00MjljLTRjYzEtYTE1Ny00YTdkMWQ1NzdiMmUiLCJ1aWQiOiJVU1IwMDAwMDEiLCJ1cnQiOiIyIiwiaXAiOiIxMjcuMC4wLjEiLCJsb2dnZWRfaW5fYXQiOiIyMDI1LTAxLTIwIDExOjQ5OjA5In0.KhnIl25_tJogzZSuJcPiwgd1AM3arAPDburrmk9qN5w\"],\"user-agent\":[\"PostmanRuntime\\/7.43.0\"],\"accept\":[\"*\\/*\"],\"cache-control\":[\"no-cache\"],\"postman-token\":[\"9f431e43-18d2-474c-b43c-a5fac5fb8aa1\"],\"host\":[\"127.0.0.1:8000\"],\"accept-encoding\":[\"gzip, deflate, br\"],\"connection\":[\"keep-alive\"],\"content-length\":[\"77\"],\"x-request-id\":[\"96452b16-ffcf-400f-a9e8-3bb49b0addd3\"]}', '{\"new_password\":\"Ravi@1234\",\"confirm_new_password\":\"Ravi@1234\",\"request_id\":\"96452b16-ffcf-400f-a9e8-3bb49b0addd3\"}', '{\"resp_code\":\"ERR\",\"resp_desc\":\"Request not allowed , user account is blocked.\",\"request_id\":\"96452b16-ffcf-400f-a9e8-3bb49b0addd3\",\"data\":[]}', 200, '127.0.0.1', '20.02', '2025-01-20 08:19:43', '2025-01-20 08:19:43'),
(79, 'f95c36bc-4c93-4cd7-a427-fd5b88402cf8', NULL, 'POST', 'http://127.0.0.1:8000/api/v1/changePassword', '{\"content-type\":[\"application\\/json\"],\"authorization\":[\"Bearer eyJ0eXAiOiJKV1QiLCJhbGciOiJIUzI1NiJ9.eyJyaWQiOiIwMzU3MzA0My00MjljLTRjYzEtYTE1Ny00YTdkMWQ1NzdiMmUiLCJ1aWQiOiJVU1IwMDAwMDEiLCJ1cnQiOiIyIiwiaXAiOiIxMjcuMC4wLjEiLCJsb2dnZWRfaW5fYXQiOiIyMDI1LTAxLTIwIDExOjQ5OjA5In0.KhnIl25_tJogzZSuJcPiwgd1AM3arAPDburrmk9qN5w\"],\"user-agent\":[\"PostmanRuntime\\/7.43.0\"],\"accept\":[\"*\\/*\"],\"cache-control\":[\"no-cache\"],\"postman-token\":[\"f8334448-494f-4529-802a-95706e4dbc1f\"],\"host\":[\"127.0.0.1:8000\"],\"accept-encoding\":[\"gzip, deflate, br\"],\"connection\":[\"keep-alive\"],\"content-length\":[\"77\"],\"x-request-id\":[\"f95c36bc-4c93-4cd7-a427-fd5b88402cf8\"]}', '{\"new_password\":\"Ravi@1234\",\"confirm_new_password\":\"Ravi@1234\",\"request_id\":\"f95c36bc-4c93-4cd7-a427-fd5b88402cf8\"}', NULL, NULL, '127.0.0.1', NULL, '2025-01-20 08:23:55', '2025-01-20 08:23:55'),
(80, '1d2e8d60-14bf-4f6b-bbed-a7b22f1e7a76', NULL, 'POST', 'http://127.0.0.1:8000/api/v1/changePassword', '{\"content-type\":[\"application\\/json\"],\"authorization\":[\"Bearer eyJ0eXAiOiJKV1QiLCJhbGciOiJIUzI1NiJ9.eyJyaWQiOiIwMzU3MzA0My00MjljLTRjYzEtYTE1Ny00YTdkMWQ1NzdiMmUiLCJ1aWQiOiJVU1IwMDAwMDEiLCJ1cnQiOiIyIiwiaXAiOiIxMjcuMC4wLjEiLCJsb2dnZWRfaW5fYXQiOiIyMDI1LTAxLTIwIDExOjQ5OjA5In0.KhnIl25_tJogzZSuJcPiwgd1AM3arAPDburrmk9qN5w\"],\"user-agent\":[\"PostmanRuntime\\/7.43.0\"],\"accept\":[\"*\\/*\"],\"cache-control\":[\"no-cache\"],\"postman-token\":[\"52dd840b-1baf-44a3-824c-eaf6384ee049\"],\"host\":[\"127.0.0.1:8000\"],\"accept-encoding\":[\"gzip, deflate, br\"],\"connection\":[\"keep-alive\"],\"content-length\":[\"77\"],\"x-request-id\":[\"1d2e8d60-14bf-4f6b-bbed-a7b22f1e7a76\"]}', '{\"new_password\":\"Ravi@1234\",\"confirm_new_password\":\"Ravi@1234\",\"request_id\":\"1d2e8d60-14bf-4f6b-bbed-a7b22f1e7a76\"}', '{\"resp_code\":\"RCS\",\"resp_desc\":\"Password changed successfully\",\"request_id\":\"1d2e8d60-14bf-4f6b-bbed-a7b22f1e7a76\",\"data\":[]}', 200, '127.0.0.1', '39.97', '2025-01-20 08:30:14', '2025-01-20 08:30:14'),
(81, '372ecb86-6eb7-427a-b73e-8727bb21e169', NULL, 'POST', 'http://127.0.0.1:8000/api/v1/login', '{\"content-type\":[\"application\\/json\"],\"user-agent\":[\"PostmanRuntime\\/7.43.0\"],\"accept\":[\"*\\/*\"],\"cache-control\":[\"no-cache\"],\"postman-token\":[\"6f154d12-48bb-49f2-a61c-229eac98ba12\"],\"host\":[\"127.0.0.1:8000\"],\"accept-encoding\":[\"gzip, deflate, br\"],\"connection\":[\"keep-alive\"],\"content-length\":[\"81\"],\"x-request-id\":[\"372ecb86-6eb7-427a-b73e-8727bb21e169\"]}', '{\"username\":\"ravi.verma+1@ciphersquare.tech\",\"password\":\"********\",\"request_id\":\"372ecb86-6eb7-427a-b73e-8727bb21e169\"}', '{\"resp_code\":\"IRD\",\"resp_desc\":\"Invalid username or password.\",\"request_id\":\"372ecb86-6eb7-427a-b73e-8727bb21e169\",\"data\":[]}', 400, '127.0.0.1', '17.97', '2025-01-20 08:30:25', '2025-01-20 08:30:25'),
(82, 'b22c23fc-e5b4-43dc-bb8c-4003760bd2af', NULL, 'POST', 'http://127.0.0.1:8000/api/v1/login', '{\"content-type\":[\"application\\/json\"],\"user-agent\":[\"PostmanRuntime\\/7.43.0\"],\"accept\":[\"*\\/*\"],\"cache-control\":[\"no-cache\"],\"postman-token\":[\"6962f76e-b4ed-489f-a904-614425a92bf6\"],\"host\":[\"127.0.0.1:8000\"],\"accept-encoding\":[\"gzip, deflate, br\"],\"connection\":[\"keep-alive\"],\"content-length\":[\"82\"],\"x-request-id\":[\"b22c23fc-e5b4-43dc-bb8c-4003760bd2af\"]}', '{\"username\":\"ravi.verma+1@ciphersquare.tech\",\"password\":\"*********\",\"request_id\":\"b22c23fc-e5b4-43dc-bb8c-4003760bd2af\"}', '{\"resp_code\":\"RCS\",\"resp_desc\":\"Logged in successfully.\",\"request_id\":\"b22c23fc-e5b4-43dc-bb8c-4003760bd2af\",\"data\":{\"type\":\"Bearer\",\"token\":\"eyJ0eXAiOiJKV1QiLCJhbGciOiJIUzI1NiJ9.eyJyaWQiOiJiMjJjMjNmYy1lNWI0LTQzZGMtYmI4Yy00MDAzNzYwYmQyYWYiLCJ1aWQiOiJVU1IwMDAwMDEiLCJ1cnQiOiIyIiwiaXAiOiIxMjcuMC4wLjEiLCJsb2dnZWRfaW5fYXQiOiIyMDI1LTAxLTIwIDE0OjAwOjMzIn0.S5or94KgWX9cHzhBa3tZ72LK8XJGJHIXx7zequCVTg8\",\"user_detail\":{\"uid\":\"USR000001\",\"user_name\":\"ravi\",\"email\":\"ravi.verma+1@ciphersquare.tech\",\"mobile\":\"9876543210\",\"role_id\":\"2\",\"role_name\":\"User\"},\"logged_in_at\":\"2025-01-20 14:00:33\"}}', 200, '127.0.0.1', '24.14', '2025-01-20 08:30:33', '2025-01-20 08:30:33'),
(83, '2f2cb467-7f88-41f4-b8d5-1e04d09a9d62', NULL, 'POST', 'http://127.0.0.1:8000/api/v1/login', '{\"content-type\":[\"application\\/json\"],\"user-agent\":[\"PostmanRuntime\\/7.43.0\"],\"accept\":[\"*\\/*\"],\"cache-control\":[\"no-cache\"],\"postman-token\":[\"ead0f89e-db48-4f91-9fdb-4c3bea3a4db0\"],\"host\":[\"127.0.0.1:8000\"],\"accept-encoding\":[\"gzip, deflate, br\"],\"connection\":[\"keep-alive\"],\"content-length\":[\"81\"],\"x-request-id\":[\"2f2cb467-7f88-41f4-b8d5-1e04d09a9d62\"]}', '{\"username\":\"ravi.verma+1@ciphersquare.tech\",\"password\":\"********\",\"request_id\":\"2f2cb467-7f88-41f4-b8d5-1e04d09a9d62\"}', '{\"resp_code\":\"IRD\",\"resp_desc\":\"Invalid username or password.\",\"request_id\":\"2f2cb467-7f88-41f4-b8d5-1e04d09a9d62\",\"data\":[]}', 400, '127.0.0.1', '17.33', '2025-01-20 08:30:37', '2025-01-20 08:30:37'),
(84, 'ad558d4b-15b2-4ee2-bc18-885c626dbce3', NULL, 'POST', 'http://127.0.0.1:8000/api/v1/login', '{\"content-type\":[\"application\\/json\"],\"user-agent\":[\"PostmanRuntime\\/7.43.0\"],\"accept\":[\"*\\/*\"],\"cache-control\":[\"no-cache\"],\"postman-token\":[\"f9691601-ca8c-449a-81ea-abe5d9b34b80\"],\"host\":[\"127.0.0.1:8000\"],\"accept-encoding\":[\"gzip, deflate, br\"],\"connection\":[\"keep-alive\"],\"content-length\":[\"82\"],\"x-request-id\":[\"ad558d4b-15b2-4ee2-bc18-885c626dbce3\"]}', '{\"username\":\"ravi.verma+1@ciphersquare.tech\",\"password\":\"*********\",\"request_id\":\"ad558d4b-15b2-4ee2-bc18-885c626dbce3\"}', '{\"resp_code\":\"RCS\",\"resp_desc\":\"Logged in successfully.\",\"request_id\":\"ad558d4b-15b2-4ee2-bc18-885c626dbce3\",\"data\":{\"type\":\"Bearer\",\"token\":\"eyJ0eXAiOiJKV1QiLCJhbGciOiJIUzI1NiJ9.eyJyaWQiOiJhZDU1OGQ0Yi0xNWIyLTRlZTItYmMxOC04ODVjNjI2ZGJjZTMiLCJ1aWQiOiJVU1IwMDAwMDEiLCJ1cnQiOiIyIiwiaXAiOiIxMjcuMC4wLjEiLCJsb2dnZWRfaW5fYXQiOiIyMDI1LTAxLTIwIDE0OjAwOjQwIn0.ciQ-ppH4-KjWhsrubRNy8qN3V5WORdh3MT6NvlJ5_5k\",\"user_detail\":{\"uid\":\"USR000001\",\"user_name\":\"ravi\",\"email\":\"ravi.verma+1@ciphersquare.tech\",\"mobile\":\"9876543210\",\"role_id\":\"2\",\"role_name\":\"User\"},\"logged_in_at\":\"2025-01-20 14:00:40\"}}', 200, '127.0.0.1', '23.63', '2025-01-20 08:30:40', '2025-01-20 08:30:40'),
(85, '8b0661fc-43fa-4587-8f63-c159330b5bb6', NULL, 'POST', 'http://127.0.0.1:8000/api/v1/login', '{\"content-type\":[\"application\\/json\"],\"user-agent\":[\"PostmanRuntime\\/7.43.0\"],\"accept\":[\"*\\/*\"],\"cache-control\":[\"no-cache\"],\"postman-token\":[\"75140b64-5559-4dbf-9910-ac4f7a90e7d3\"],\"host\":[\"127.0.0.1:8000\"],\"accept-encoding\":[\"gzip, deflate, br\"],\"connection\":[\"keep-alive\"],\"content-length\":[\"82\"],\"x-request-id\":[\"8b0661fc-43fa-4587-8f63-c159330b5bb6\"]}', '{\"username\":\"ravi.verma+1@ciphersquare.tech\",\"password\":\"*********\",\"request_id\":\"8b0661fc-43fa-4587-8f63-c159330b5bb6\"}', NULL, NULL, '127.0.0.1', NULL, '2025-01-20 09:50:47', '2025-01-20 09:50:47'),
(86, 'c861b654-4f2f-4c53-a41f-f2bc45ed26cc', NULL, 'POST', 'http://127.0.0.1:8000/api/v1/login', '{\"content-type\":[\"application\\/json\"],\"user-agent\":[\"PostmanRuntime\\/7.43.0\"],\"accept\":[\"*\\/*\"],\"cache-control\":[\"no-cache\"],\"postman-token\":[\"b26ee0ca-2a1e-45e3-be0c-053a9574adce\"],\"host\":[\"127.0.0.1:8000\"],\"accept-encoding\":[\"gzip, deflate, br\"],\"connection\":[\"keep-alive\"],\"content-length\":[\"82\"],\"x-request-id\":[\"c861b654-4f2f-4c53-a41f-f2bc45ed26cc\"]}', '{\"username\":\"ravi.verma+1@ciphersquare.tech\",\"password\":\"*********\",\"request_id\":\"c861b654-4f2f-4c53-a41f-f2bc45ed26cc\"}', '{\"resp_code\":\"ERR\",\"resp_desc\":\"Someting went wrong, try again later..!!\",\"request_id\":\"c861b654-4f2f-4c53-a41f-f2bc45ed26cc\",\"data\":[]}', 500, '127.0.0.1', '46.46', '2025-01-20 09:52:03', '2025-01-20 09:52:03'),
(87, '26a9afca-a678-4802-a50a-8ee98a5af26a', NULL, 'POST', 'http://127.0.0.1:8000/api/v1/login', '{\"content-type\":[\"application\\/json\"],\"user-agent\":[\"PostmanRuntime\\/7.43.0\"],\"accept\":[\"*\\/*\"],\"cache-control\":[\"no-cache\"],\"postman-token\":[\"efe75b95-3210-4c1f-98e4-8447c9866901\"],\"host\":[\"127.0.0.1:8000\"],\"accept-encoding\":[\"gzip, deflate, br\"],\"connection\":[\"keep-alive\"],\"content-length\":[\"82\"],\"x-request-id\":[\"26a9afca-a678-4802-a50a-8ee98a5af26a\"]}', '{\"username\":\"ravi.verma+1@ciphersquare.tech\",\"password\":\"*********\",\"request_id\":\"26a9afca-a678-4802-a50a-8ee98a5af26a\"}', '{\"resp_code\":\"ERR\",\"resp_desc\":\"Someting went wrong, try again later..!!\",\"request_id\":\"26a9afca-a678-4802-a50a-8ee98a5af26a\",\"data\":[]}', 500, '127.0.0.1', '48.63', '2025-01-20 09:54:55', '2025-01-20 09:54:55'),
(88, 'fe2f7131-5497-4e96-bb7f-20d4d061e81d', NULL, 'POST', 'http://127.0.0.1:8000/api/v1/login', '{\"content-type\":[\"application\\/json\"],\"user-agent\":[\"PostmanRuntime\\/7.43.0\"],\"accept\":[\"*\\/*\"],\"cache-control\":[\"no-cache\"],\"postman-token\":[\"c13d597c-34cd-47e9-aebc-8048d840b34e\"],\"host\":[\"127.0.0.1:8000\"],\"accept-encoding\":[\"gzip, deflate, br\"],\"connection\":[\"keep-alive\"],\"content-length\":[\"82\"],\"x-request-id\":[\"fe2f7131-5497-4e96-bb7f-20d4d061e81d\"]}', '{\"username\":\"ravi.verma+1@ciphersquare.tech\",\"password\":\"*********\",\"request_id\":\"fe2f7131-5497-4e96-bb7f-20d4d061e81d\"}', NULL, NULL, '127.0.0.1', NULL, '2025-01-20 09:55:33', '2025-01-20 09:55:33'),
(89, '048f49a8-8f91-4bd2-a613-eb9e8d55cfea', NULL, 'POST', 'http://127.0.0.1:8000/api/v1/login', '{\"content-type\":[\"application\\/json\"],\"user-agent\":[\"PostmanRuntime\\/7.43.0\"],\"accept\":[\"*\\/*\"],\"cache-control\":[\"no-cache\"],\"postman-token\":[\"9daac4a1-a780-43c2-9cf2-eb36f574491e\"],\"host\":[\"127.0.0.1:8000\"],\"accept-encoding\":[\"gzip, deflate, br\"],\"connection\":[\"keep-alive\"],\"content-length\":[\"82\"],\"x-request-id\":[\"048f49a8-8f91-4bd2-a613-eb9e8d55cfea\"]}', '{\"username\":\"ravi.verma+1@ciphersquare.tech\",\"password\":\"*********\",\"request_id\":\"048f49a8-8f91-4bd2-a613-eb9e8d55cfea\"}', NULL, NULL, '127.0.0.1', NULL, '2025-01-20 10:01:45', '2025-01-20 10:01:45'),
(90, 'dd72d627-1c2b-4f3f-a254-88b3178104f6', NULL, 'POST', 'http://127.0.0.1:8000/api/v1/login', '{\"content-type\":[\"application\\/json\"],\"user-agent\":[\"PostmanRuntime\\/7.43.0\"],\"accept\":[\"*\\/*\"],\"cache-control\":[\"no-cache\"],\"postman-token\":[\"db21c68f-5101-4191-975d-f931ee3a8394\"],\"host\":[\"127.0.0.1:8000\"],\"accept-encoding\":[\"gzip, deflate, br\"],\"connection\":[\"keep-alive\"],\"content-length\":[\"82\"],\"x-request-id\":[\"dd72d627-1c2b-4f3f-a254-88b3178104f6\"]}', '{\"username\":\"ravi.verma+1@ciphersquare.tech\",\"password\":\"*********\",\"request_id\":\"dd72d627-1c2b-4f3f-a254-88b3178104f6\"}', NULL, NULL, '127.0.0.1', NULL, '2025-01-20 10:02:12', '2025-01-20 10:02:12'),
(91, 'bbbc7589-916c-4ba0-a063-d4476bfa8f84', NULL, 'POST', 'http://127.0.0.1:8000/api/v1/login', '{\"content-type\":[\"application\\/json\"],\"user-agent\":[\"PostmanRuntime\\/7.43.0\"],\"accept\":[\"*\\/*\"],\"cache-control\":[\"no-cache\"],\"postman-token\":[\"7b0d70c2-884e-40ac-a294-bd6ff8cd5981\"],\"host\":[\"127.0.0.1:8000\"],\"accept-encoding\":[\"gzip, deflate, br\"],\"connection\":[\"keep-alive\"],\"content-length\":[\"82\"],\"x-request-id\":[\"bbbc7589-916c-4ba0-a063-d4476bfa8f84\"]}', '{\"username\":\"ravi.verma+1@ciphersquare.tech\",\"password\":\"*********\",\"request_id\":\"bbbc7589-916c-4ba0-a063-d4476bfa8f84\"}', NULL, NULL, '127.0.0.1', NULL, '2025-01-20 10:02:47', '2025-01-20 10:02:47'),
(92, 'cd7a35e5-0ae3-4bba-a530-aa6cc4389fcc', NULL, 'POST', 'http://127.0.0.1:8000/api/v1/login', '{\"content-type\":[\"application\\/json\"],\"user-agent\":[\"PostmanRuntime\\/7.43.0\"],\"accept\":[\"*\\/*\"],\"cache-control\":[\"no-cache\"],\"postman-token\":[\"635ed33a-ad6a-4813-ae1d-373222a4ca93\"],\"host\":[\"127.0.0.1:8000\"],\"accept-encoding\":[\"gzip, deflate, br\"],\"connection\":[\"keep-alive\"],\"content-length\":[\"82\"],\"x-request-id\":[\"cd7a35e5-0ae3-4bba-a530-aa6cc4389fcc\"]}', '{\"username\":\"ravi.verma+1@ciphersquare.tech\",\"password\":\"*********\",\"request_id\":\"cd7a35e5-0ae3-4bba-a530-aa6cc4389fcc\"}', NULL, NULL, '127.0.0.1', NULL, '2025-01-20 10:03:03', '2025-01-20 10:03:03'),
(93, '99e4ad9a-1787-4eca-9ca8-d81ee9393dc1', NULL, 'POST', 'http://127.0.0.1:8000/api/v1/login', '{\"content-type\":[\"application\\/json\"],\"user-agent\":[\"PostmanRuntime\\/7.43.0\"],\"accept\":[\"*\\/*\"],\"cache-control\":[\"no-cache\"],\"postman-token\":[\"ade4cd09-7a97-48dc-9dc7-28412d28bd89\"],\"host\":[\"127.0.0.1:8000\"],\"accept-encoding\":[\"gzip, deflate, br\"],\"connection\":[\"keep-alive\"],\"content-length\":[\"82\"],\"x-request-id\":[\"99e4ad9a-1787-4eca-9ca8-d81ee9393dc1\"]}', '{\"username\":\"ravi.verma+1@ciphersquare.tech\",\"password\":\"*********\",\"request_id\":\"99e4ad9a-1787-4eca-9ca8-d81ee9393dc1\"}', NULL, NULL, '127.0.0.1', NULL, '2025-01-20 10:03:36', '2025-01-20 10:03:36'),
(94, '48a14e03-6c78-4d5c-ab1e-53cd373201c6', NULL, 'POST', 'http://127.0.0.1:8000/api/v1/login', '{\"content-type\":[\"application\\/json\"],\"user-agent\":[\"PostmanRuntime\\/7.43.0\"],\"accept\":[\"*\\/*\"],\"cache-control\":[\"no-cache\"],\"postman-token\":[\"98ec4853-0d90-43c8-b23b-ef8818fe109e\"],\"host\":[\"127.0.0.1:8000\"],\"accept-encoding\":[\"gzip, deflate, br\"],\"connection\":[\"keep-alive\"],\"content-length\":[\"82\"],\"x-request-id\":[\"48a14e03-6c78-4d5c-ab1e-53cd373201c6\"]}', '{\"username\":\"ravi.verma+1@ciphersquare.tech\",\"password\":\"*********\",\"request_id\":\"48a14e03-6c78-4d5c-ab1e-53cd373201c6\"}', NULL, NULL, '127.0.0.1', NULL, '2025-01-20 10:04:09', '2025-01-20 10:04:09'),
(95, 'c5e5b535-4dfc-4dec-a218-d5e2ffbccd7e', NULL, 'POST', 'http://127.0.0.1:8000/api/v1/login', '{\"content-type\":[\"application\\/json\"],\"user-agent\":[\"PostmanRuntime\\/7.43.0\"],\"accept\":[\"*\\/*\"],\"cache-control\":[\"no-cache\"],\"postman-token\":[\"b80eea8c-1faf-4301-93cc-9af4de3469e5\"],\"host\":[\"127.0.0.1:8000\"],\"accept-encoding\":[\"gzip, deflate, br\"],\"connection\":[\"keep-alive\"],\"content-length\":[\"82\"],\"x-request-id\":[\"c5e5b535-4dfc-4dec-a218-d5e2ffbccd7e\"]}', '{\"username\":\"ravi.verma+1@ciphersquare.tech\",\"password\":\"*********\",\"request_id\":\"c5e5b535-4dfc-4dec-a218-d5e2ffbccd7e\"}', NULL, NULL, '127.0.0.1', NULL, '2025-01-20 10:05:09', '2025-01-20 10:05:09'),
(96, 'b57e93a2-d39d-404b-af21-6ed84ab2a24d', NULL, 'POST', 'http://127.0.0.1:8000/api/v1/login', '{\"content-type\":[\"application\\/json\"],\"user-agent\":[\"PostmanRuntime\\/7.43.0\"],\"accept\":[\"*\\/*\"],\"cache-control\":[\"no-cache\"],\"postman-token\":[\"2d1a7d2f-5736-4b1a-b399-5340da1317b3\"],\"host\":[\"127.0.0.1:8000\"],\"accept-encoding\":[\"gzip, deflate, br\"],\"connection\":[\"keep-alive\"],\"content-length\":[\"82\"],\"x-request-id\":[\"b57e93a2-d39d-404b-af21-6ed84ab2a24d\"]}', '{\"username\":\"ravi.verma+1@ciphersquare.tech\",\"password\":\"*********\",\"request_id\":\"b57e93a2-d39d-404b-af21-6ed84ab2a24d\"}', NULL, NULL, '127.0.0.1', NULL, '2025-01-20 10:06:01', '2025-01-20 10:06:01'),
(97, '90bfe5f4-934e-41c0-b9f0-e86829ec095f', NULL, 'POST', 'http://127.0.0.1:8000/api/v1/login', '{\"content-type\":[\"application\\/json\"],\"user-agent\":[\"PostmanRuntime\\/7.43.0\"],\"accept\":[\"*\\/*\"],\"cache-control\":[\"no-cache\"],\"postman-token\":[\"0f4dee4c-fc73-4548-a02e-e04355d16730\"],\"host\":[\"127.0.0.1:8000\"],\"accept-encoding\":[\"gzip, deflate, br\"],\"connection\":[\"keep-alive\"],\"content-length\":[\"82\"],\"x-request-id\":[\"90bfe5f4-934e-41c0-b9f0-e86829ec095f\"]}', '{\"username\":\"ravi.verma+1@ciphersquare.tech\",\"password\":\"*********\",\"request_id\":\"90bfe5f4-934e-41c0-b9f0-e86829ec095f\"}', NULL, NULL, '127.0.0.1', NULL, '2025-01-20 10:07:12', '2025-01-20 10:07:12'),
(98, '058df3e6-bb13-4485-8eac-79e445d1df24', NULL, 'POST', 'http://127.0.0.1:8000/api/v1/login', '{\"content-type\":[\"application\\/json\"],\"user-agent\":[\"PostmanRuntime\\/7.43.0\"],\"accept\":[\"*\\/*\"],\"cache-control\":[\"no-cache\"],\"postman-token\":[\"cc306fe1-780d-425e-92e6-2012c4542c69\"],\"host\":[\"127.0.0.1:8000\"],\"accept-encoding\":[\"gzip, deflate, br\"],\"connection\":[\"keep-alive\"],\"content-length\":[\"82\"],\"x-request-id\":[\"058df3e6-bb13-4485-8eac-79e445d1df24\"]}', '{\"username\":\"ravi.verma+1@ciphersquare.tech\",\"password\":\"*********\",\"request_id\":\"058df3e6-bb13-4485-8eac-79e445d1df24\"}', NULL, NULL, '127.0.0.1', NULL, '2025-01-20 10:12:48', '2025-01-20 10:12:48'),
(99, '7fd64432-3c69-421c-a56e-2964ec40f73f', NULL, 'POST', 'http://127.0.0.1:8000/api/v1/login', '{\"content-type\":[\"application\\/json\"],\"user-agent\":[\"PostmanRuntime\\/7.43.0\"],\"accept\":[\"*\\/*\"],\"cache-control\":[\"no-cache\"],\"postman-token\":[\"da40a3ca-58b5-4621-bd19-14b51cb70c15\"],\"host\":[\"127.0.0.1:8000\"],\"accept-encoding\":[\"gzip, deflate, br\"],\"connection\":[\"keep-alive\"],\"content-length\":[\"82\"],\"x-request-id\":[\"7fd64432-3c69-421c-a56e-2964ec40f73f\"]}', '{\"username\":\"ravi.verma+1@ciphersquare.tech\",\"password\":\"*********\",\"request_id\":\"7fd64432-3c69-421c-a56e-2964ec40f73f\"}', NULL, NULL, '127.0.0.1', NULL, '2025-01-20 10:13:06', '2025-01-20 10:13:06'),
(100, '1a685307-184c-4c26-8960-8a43c785365c', NULL, 'POST', 'http://127.0.0.1:8000/api/v1/login', '{\"content-type\":[\"application\\/json\"],\"user-agent\":[\"PostmanRuntime\\/7.43.0\"],\"accept\":[\"*\\/*\"],\"cache-control\":[\"no-cache\"],\"postman-token\":[\"c6a753a4-6b55-4a88-acd0-e4bb497ebc81\"],\"host\":[\"127.0.0.1:8000\"],\"accept-encoding\":[\"gzip, deflate, br\"],\"connection\":[\"keep-alive\"],\"content-length\":[\"82\"],\"x-request-id\":[\"1a685307-184c-4c26-8960-8a43c785365c\"]}', '{\"username\":\"ravi.verma+1@ciphersquare.tech\",\"password\":\"*********\",\"request_id\":\"1a685307-184c-4c26-8960-8a43c785365c\"}', NULL, NULL, '127.0.0.1', NULL, '2025-01-20 10:14:28', '2025-01-20 10:14:28'),
(101, '8a1f30f3-5552-4580-9b55-5654bfa5aa06', NULL, 'POST', 'http://127.0.0.1:8000/api/v1/login', '{\"content-type\":[\"application\\/json\"],\"user-agent\":[\"PostmanRuntime\\/7.43.0\"],\"accept\":[\"*\\/*\"],\"cache-control\":[\"no-cache\"],\"postman-token\":[\"dfbcad27-aacb-464e-a806-ecae7a04fb40\"],\"host\":[\"127.0.0.1:8000\"],\"accept-encoding\":[\"gzip, deflate, br\"],\"connection\":[\"keep-alive\"],\"content-length\":[\"82\"],\"x-request-id\":[\"8a1f30f3-5552-4580-9b55-5654bfa5aa06\"]}', '{\"username\":\"ravi.verma+1@ciphersquare.tech\",\"password\":\"*********\",\"request_id\":\"8a1f30f3-5552-4580-9b55-5654bfa5aa06\"}', NULL, NULL, '127.0.0.1', NULL, '2025-01-20 12:14:03', '2025-01-20 12:14:03'),
(102, 'b165d2d8-2d35-404b-9c0f-9347f907b227', NULL, 'POST', 'http://127.0.0.1:8000/api/v1/login', '{\"content-type\":[\"application\\/json\"],\"user-agent\":[\"PostmanRuntime\\/7.43.0\"],\"accept\":[\"*\\/*\"],\"cache-control\":[\"no-cache\"],\"postman-token\":[\"2e6891fa-95e6-438b-bb81-b7c6f61df42d\"],\"host\":[\"127.0.0.1:8000\"],\"accept-encoding\":[\"gzip, deflate, br\"],\"connection\":[\"keep-alive\"],\"content-length\":[\"82\"],\"x-request-id\":[\"b165d2d8-2d35-404b-9c0f-9347f907b227\"]}', '{\"username\":\"ravi.verma+1@ciphersquare.tech\",\"password\":\"*********\",\"request_id\":\"b165d2d8-2d35-404b-9c0f-9347f907b227\"}', NULL, NULL, '127.0.0.1', NULL, '2025-01-20 12:14:17', '2025-01-20 12:14:17'),
(103, '70577970-dd57-49e0-9045-ec67cceb1c4e', NULL, 'POST', 'http://127.0.0.1:8000/api/v1/login', '{\"content-type\":[\"application\\/json\"],\"user-agent\":[\"PostmanRuntime\\/7.43.0\"],\"accept\":[\"*\\/*\"],\"cache-control\":[\"no-cache\"],\"postman-token\":[\"979ab2f5-e140-483c-a8d4-bc3bc5420760\"],\"host\":[\"127.0.0.1:8000\"],\"accept-encoding\":[\"gzip, deflate, br\"],\"connection\":[\"keep-alive\"],\"content-length\":[\"82\"],\"x-request-id\":[\"70577970-dd57-49e0-9045-ec67cceb1c4e\"]}', '{\"username\":\"ravi.verma+1@ciphersquare.tech\",\"password\":\"*********\",\"request_id\":\"70577970-dd57-49e0-9045-ec67cceb1c4e\"}', NULL, NULL, '127.0.0.1', NULL, '2025-01-20 12:15:29', '2025-01-20 12:15:29'),
(104, '1ad455a0-fcc0-49cb-9ca3-78eb985574ca', NULL, 'POST', 'http://127.0.0.1:8000/api/v1/login', '{\"content-type\":[\"application\\/json\"],\"user-agent\":[\"PostmanRuntime\\/7.43.0\"],\"accept\":[\"*\\/*\"],\"cache-control\":[\"no-cache\"],\"postman-token\":[\"88c68285-9ac9-4434-92ec-7f12925fb1db\"],\"host\":[\"127.0.0.1:8000\"],\"accept-encoding\":[\"gzip, deflate, br\"],\"connection\":[\"keep-alive\"],\"content-length\":[\"82\"],\"x-request-id\":[\"1ad455a0-fcc0-49cb-9ca3-78eb985574ca\"]}', '{\"username\":\"ravi.verma+1@ciphersquare.tech\",\"password\":\"*********\",\"request_id\":\"1ad455a0-fcc0-49cb-9ca3-78eb985574ca\"}', NULL, NULL, '127.0.0.1', NULL, '2025-01-20 12:17:19', '2025-01-20 12:17:19'),
(105, 'a3ca933c-cfa2-44b4-96a0-0f0121967ced', NULL, 'POST', 'http://127.0.0.1:8000/api/v1/login', '{\"content-type\":[\"application\\/json\"],\"user-agent\":[\"PostmanRuntime\\/7.43.0\"],\"accept\":[\"*\\/*\"],\"cache-control\":[\"no-cache\"],\"postman-token\":[\"e55dc525-3fb5-4c75-875f-4236c53f122c\"],\"host\":[\"127.0.0.1:8000\"],\"accept-encoding\":[\"gzip, deflate, br\"],\"connection\":[\"keep-alive\"],\"content-length\":[\"82\"],\"x-request-id\":[\"a3ca933c-cfa2-44b4-96a0-0f0121967ced\"]}', '{\"username\":\"ravi.verma+1@ciphersquare.tech\",\"password\":\"*********\",\"request_id\":\"a3ca933c-cfa2-44b4-96a0-0f0121967ced\"}', NULL, NULL, '127.0.0.1', NULL, '2025-01-20 12:17:34', '2025-01-20 12:17:34'),
(106, '6baa40a9-9e52-43b9-9ff6-5195b0d4bb1b', NULL, 'POST', 'http://127.0.0.1:8000/api/v1/login', '{\"content-type\":[\"application\\/json\"],\"user-agent\":[\"PostmanRuntime\\/7.43.0\"],\"accept\":[\"*\\/*\"],\"cache-control\":[\"no-cache\"],\"postman-token\":[\"037d110f-a1f3-48d2-8ad7-94fa18557b5d\"],\"host\":[\"127.0.0.1:8000\"],\"accept-encoding\":[\"gzip, deflate, br\"],\"connection\":[\"keep-alive\"],\"content-length\":[\"82\"],\"x-request-id\":[\"6baa40a9-9e52-43b9-9ff6-5195b0d4bb1b\"]}', '{\"username\":\"ravi.verma+1@ciphersquare.tech\",\"password\":\"*********\",\"request_id\":\"6baa40a9-9e52-43b9-9ff6-5195b0d4bb1b\"}', NULL, NULL, '127.0.0.1', NULL, '2025-01-20 12:17:46', '2025-01-20 12:17:46'),
(107, '2b87d137-2a9c-40f9-a45f-17c9ac5b959b', NULL, 'POST', 'http://127.0.0.1:8000/api/v1/login', '{\"content-type\":[\"application\\/json\"],\"user-agent\":[\"PostmanRuntime\\/7.43.0\"],\"accept\":[\"*\\/*\"],\"cache-control\":[\"no-cache\"],\"postman-token\":[\"9bc4cce6-33e2-43fd-84dc-c61ad22be0e1\"],\"host\":[\"127.0.0.1:8000\"],\"accept-encoding\":[\"gzip, deflate, br\"],\"connection\":[\"keep-alive\"],\"content-length\":[\"82\"],\"x-request-id\":[\"2b87d137-2a9c-40f9-a45f-17c9ac5b959b\"]}', '{\"username\":\"ravi.verma+1@ciphersquare.tech\",\"password\":\"*********\",\"request_id\":\"2b87d137-2a9c-40f9-a45f-17c9ac5b959b\"}', NULL, NULL, '127.0.0.1', NULL, '2025-01-20 12:17:48', '2025-01-20 12:17:48'),
(108, '92d9c720-bba5-445c-b0b3-f6c9501d544f', NULL, 'POST', 'http://127.0.0.1:8000/api/v1/login', '{\"content-type\":[\"application\\/json\"],\"user-agent\":[\"PostmanRuntime\\/7.43.0\"],\"accept\":[\"*\\/*\"],\"cache-control\":[\"no-cache\"],\"postman-token\":[\"505cd1fc-4cab-48a2-85dc-ae84546161d7\"],\"host\":[\"127.0.0.1:8000\"],\"accept-encoding\":[\"gzip, deflate, br\"],\"connection\":[\"keep-alive\"],\"content-length\":[\"82\"],\"x-request-id\":[\"92d9c720-bba5-445c-b0b3-f6c9501d544f\"]}', '{\"username\":\"ravi.verma+1@ciphersquare.tech\",\"password\":\"*********\",\"request_id\":\"92d9c720-bba5-445c-b0b3-f6c9501d544f\"}', NULL, NULL, '127.0.0.1', NULL, '2025-01-20 12:19:24', '2025-01-20 12:19:24'),
(109, '2655eb98-b84d-4c84-aeb9-dad155a5fd88', NULL, 'POST', 'http://127.0.0.1:8000/api/v1/login', '{\"content-type\":[\"application\\/json\"],\"user-agent\":[\"PostmanRuntime\\/7.43.0\"],\"accept\":[\"*\\/*\"],\"cache-control\":[\"no-cache\"],\"postman-token\":[\"ca76016a-d753-4eac-9dc1-a2da9e627b68\"],\"host\":[\"127.0.0.1:8000\"],\"accept-encoding\":[\"gzip, deflate, br\"],\"connection\":[\"keep-alive\"],\"content-length\":[\"82\"],\"x-request-id\":[\"2655eb98-b84d-4c84-aeb9-dad155a5fd88\"]}', '{\"username\":\"ravi.verma+1@ciphersquare.tech\",\"password\":\"*********\",\"request_id\":\"2655eb98-b84d-4c84-aeb9-dad155a5fd88\"}', NULL, NULL, '127.0.0.1', NULL, '2025-01-20 12:19:31', '2025-01-20 12:19:31');
INSERT INTO `rest_api_logs` (`id`, `request_id`, `uid`, `method`, `url`, `headers`, `payload`, `response`, `status_code`, `ip`, `duration`, `created_at`, `updated_at`) VALUES
(110, '3737f4aa-7d21-4a76-8541-a97fb4998218', NULL, 'POST', 'http://127.0.0.1:8000/api/v1/login', '{\"content-type\":[\"application\\/json\"],\"user-agent\":[\"PostmanRuntime\\/7.43.0\"],\"accept\":[\"*\\/*\"],\"cache-control\":[\"no-cache\"],\"postman-token\":[\"7277dbe0-3261-4552-8027-c629f4ab23f5\"],\"host\":[\"127.0.0.1:8000\"],\"accept-encoding\":[\"gzip, deflate, br\"],\"connection\":[\"keep-alive\"],\"content-length\":[\"82\"],\"x-request-id\":[\"3737f4aa-7d21-4a76-8541-a97fb4998218\"]}', '{\"username\":\"ravi.verma+1@ciphersquare.tech\",\"password\":\"*********\",\"request_id\":\"3737f4aa-7d21-4a76-8541-a97fb4998218\"}', NULL, NULL, '127.0.0.1', NULL, '2025-01-20 12:19:47', '2025-01-20 12:19:47'),
(111, '8fb158df-46b2-42d6-bae0-8b15e88d2598', NULL, 'POST', 'http://127.0.0.1:8000/api/v1/login', '{\"content-type\":[\"application\\/json\"],\"user-agent\":[\"PostmanRuntime\\/7.43.0\"],\"accept\":[\"*\\/*\"],\"cache-control\":[\"no-cache\"],\"postman-token\":[\"4b6a28d2-573e-4aaf-83ef-9be8dd2436d1\"],\"host\":[\"127.0.0.1:8000\"],\"accept-encoding\":[\"gzip, deflate, br\"],\"connection\":[\"keep-alive\"],\"content-length\":[\"82\"],\"x-request-id\":[\"8fb158df-46b2-42d6-bae0-8b15e88d2598\"]}', '{\"username\":\"ravi.verma+1@ciphersquare.tech\",\"password\":\"*********\",\"request_id\":\"8fb158df-46b2-42d6-bae0-8b15e88d2598\"}', NULL, NULL, '127.0.0.1', NULL, '2025-01-20 12:20:32', '2025-01-20 12:20:32'),
(112, '69719b39-7b4a-4853-bdcb-9bd83895a342', NULL, 'POST', 'http://127.0.0.1:8000/api/v1/login', '{\"content-type\":[\"application\\/json\"],\"user-agent\":[\"PostmanRuntime\\/7.43.0\"],\"accept\":[\"*\\/*\"],\"cache-control\":[\"no-cache\"],\"postman-token\":[\"d8a2bb45-322f-408e-8ae4-1b8757e602bd\"],\"host\":[\"127.0.0.1:8000\"],\"accept-encoding\":[\"gzip, deflate, br\"],\"connection\":[\"keep-alive\"],\"content-length\":[\"82\"],\"x-request-id\":[\"69719b39-7b4a-4853-bdcb-9bd83895a342\"]}', '{\"username\":\"ravi.verma+1@ciphersquare.tech\",\"password\":\"*********\",\"request_id\":\"69719b39-7b4a-4853-bdcb-9bd83895a342\"}', '{\"resp_code\":\"RCS\",\"resp_desc\":\"OTP sent successfully\",\"request_id\":\"69719b39-7b4a-4853-bdcb-9bd83895a342\",\"data\":{\"otp_reference\":\"170154874387172025\"}}', 200, '127.0.0.1', '49.84', '2025-01-20 12:24:17', '2025-01-20 12:24:18'),
(113, '5cbca045-d201-4e56-85bf-330f72e0764c', NULL, 'POST', 'http://127.0.0.1:8000/api/v1/login', '{\"content-type\":[\"application\\/json\"],\"user-agent\":[\"PostmanRuntime\\/7.43.0\"],\"accept\":[\"*\\/*\"],\"cache-control\":[\"no-cache\"],\"postman-token\":[\"0bd9b9af-a17b-41d5-bfa9-80318f8d6828\"],\"host\":[\"127.0.0.1:8000\"],\"accept-encoding\":[\"gzip, deflate, br\"],\"connection\":[\"keep-alive\"],\"content-length\":[\"82\"],\"x-request-id\":[\"5cbca045-d201-4e56-85bf-330f72e0764c\"]}', '{\"username\":\"ravi.verma+1@ciphersquare.tech\",\"password\":\"*********\",\"request_id\":\"5cbca045-d201-4e56-85bf-330f72e0764c\"}', '{\"resp_code\":\"RCS\",\"resp_desc\":\"OTP sent successfully\",\"request_id\":\"5cbca045-d201-4e56-85bf-330f72e0764c\",\"data\":{\"otp_reference\":\"170154398579322025\"}}', 200, '127.0.0.1', '29.68', '2025-01-20 12:24:32', '2025-01-20 12:24:32'),
(114, 'abcc2037-4fa8-4db6-83d2-3d784f88b0a6', NULL, 'POST', 'http://127.0.0.1:8000/api/v1/login', '{\"content-type\":[\"application\\/json\"],\"user-agent\":[\"PostmanRuntime\\/7.43.0\"],\"accept\":[\"*\\/*\"],\"cache-control\":[\"no-cache\"],\"postman-token\":[\"3cd5944a-67dc-4050-997b-bf5ff3b6e26b\"],\"host\":[\"127.0.0.1:8000\"],\"accept-encoding\":[\"gzip, deflate, br\"],\"connection\":[\"keep-alive\"],\"content-length\":[\"82\"],\"x-request-id\":[\"abcc2037-4fa8-4db6-83d2-3d784f88b0a6\"]}', '{\"username\":\"ravi.verma+1@ciphersquare.tech\",\"password\":\"*********\",\"request_id\":\"abcc2037-4fa8-4db6-83d2-3d784f88b0a6\"}', '{\"resp_code\":\"RCS\",\"resp_desc\":\"OTP sent successfully\",\"request_id\":\"abcc2037-4fa8-4db6-83d2-3d784f88b0a6\",\"data\":{\"otp_reference\":\"170154146792332025\"}}', 200, '127.0.0.1', '17.05', '2025-01-20 12:24:33', '2025-01-20 12:24:33'),
(115, 'bbfd0403-b3a4-4071-bf7a-3405972e297a', NULL, 'POST', 'http://127.0.0.1:8000/api/v1/login', '{\"content-type\":[\"application\\/json\"],\"user-agent\":[\"PostmanRuntime\\/7.43.0\"],\"accept\":[\"*\\/*\"],\"cache-control\":[\"no-cache\"],\"postman-token\":[\"c77cce62-4ae1-4963-a0e6-307827b13c15\"],\"host\":[\"127.0.0.1:8000\"],\"accept-encoding\":[\"gzip, deflate, br\"],\"connection\":[\"keep-alive\"],\"content-length\":[\"82\"],\"x-request-id\":[\"bbfd0403-b3a4-4071-bf7a-3405972e297a\"]}', '{\"username\":\"ravi.verma+1@ciphersquare.tech\",\"password\":\"*********\",\"request_id\":\"bbfd0403-b3a4-4071-bf7a-3405972e297a\"}', '{\"resp_code\":\"ERR\",\"resp_desc\":\"OTP limit exeeded, try after 10 min\",\"request_id\":\"bbfd0403-b3a4-4071-bf7a-3405972e297a\",\"data\":[]}', 500, '127.0.0.1', '27.67', '2025-01-20 12:24:35', '2025-01-20 12:24:35'),
(116, '0ba941ee-3a0a-407b-af85-45b8534d9fbb', NULL, 'POST', 'http://127.0.0.1:8000/api/v1/login', '{\"content-type\":[\"application\\/json\"],\"user-agent\":[\"PostmanRuntime\\/7.43.0\"],\"accept\":[\"*\\/*\"],\"cache-control\":[\"no-cache\"],\"postman-token\":[\"6b0b5e35-4342-44a0-82b7-dbc04befc768\"],\"host\":[\"127.0.0.1:8000\"],\"accept-encoding\":[\"gzip, deflate, br\"],\"connection\":[\"keep-alive\"],\"content-length\":[\"82\"],\"x-request-id\":[\"0ba941ee-3a0a-407b-af85-45b8534d9fbb\"]}', '{\"username\":\"ravi.verma+1@ciphersquare.tech\",\"password\":\"*********\",\"request_id\":\"0ba941ee-3a0a-407b-af85-45b8534d9fbb\"}', '{\"resp_code\":\"ERR\",\"resp_desc\":\"OTP limit exeeded, try after 10 min\",\"request_id\":\"0ba941ee-3a0a-407b-af85-45b8534d9fbb\",\"data\":[]}', 500, '127.0.0.1', '37.68', '2025-01-20 12:24:46', '2025-01-20 12:24:47'),
(117, '294c33f5-2484-4cae-9f22-628fd489d38b', NULL, 'POST', 'http://127.0.0.1:8000/api/v1/login', '{\"content-type\":[\"application\\/json\"],\"user-agent\":[\"PostmanRuntime\\/7.43.0\"],\"accept\":[\"*\\/*\"],\"cache-control\":[\"no-cache\"],\"postman-token\":[\"2a85e7b3-ffdd-483b-b8b7-1fd6bb73b43d\"],\"host\":[\"127.0.0.1:8000\"],\"accept-encoding\":[\"gzip, deflate, br\"],\"connection\":[\"keep-alive\"],\"content-length\":[\"82\"],\"x-request-id\":[\"294c33f5-2484-4cae-9f22-628fd489d38b\"]}', '{\"username\":\"ravi.verma+1@ciphersquare.tech\",\"password\":\"*********\",\"request_id\":\"294c33f5-2484-4cae-9f22-628fd489d38b\"}', '{\"resp_code\":\"ERR\",\"resp_desc\":\"OTP limit exeeded, try after 10 min\",\"request_id\":\"294c33f5-2484-4cae-9f22-628fd489d38b\",\"data\":[]}', 500, '127.0.0.1', '48.86', '2025-01-20 12:25:37', '2025-01-20 12:25:37'),
(118, '2648fc96-8610-4869-9741-afb6b3a8c0a0', NULL, 'POST', 'http://127.0.0.1:8000/api/v1/login', '{\"content-type\":[\"application\\/json\"],\"user-agent\":[\"PostmanRuntime\\/7.43.0\"],\"accept\":[\"*\\/*\"],\"cache-control\":[\"no-cache\"],\"postman-token\":[\"a2e0296e-4280-40f7-875d-29cf5c144f04\"],\"host\":[\"127.0.0.1:8000\"],\"accept-encoding\":[\"gzip, deflate, br\"],\"connection\":[\"keep-alive\"],\"content-length\":[\"82\"],\"x-request-id\":[\"2648fc96-8610-4869-9741-afb6b3a8c0a0\"]}', '{\"username\":\"ravi.verma+1@ciphersquare.tech\",\"password\":\"*********\",\"request_id\":\"2648fc96-8610-4869-9741-afb6b3a8c0a0\"}', '{\"resp_code\":\"ERR\",\"resp_desc\":\"OTP limit exeeded, try after 10 min\",\"request_id\":\"2648fc96-8610-4869-9741-afb6b3a8c0a0\",\"data\":[]}', 500, '127.0.0.1', '17.09', '2025-01-20 12:25:39', '2025-01-20 12:25:39'),
(119, 'a32d388b-5057-42f3-8788-cc24e4a15adf', NULL, 'POST', 'http://127.0.0.1:8000/api/v1/login', '{\"content-type\":[\"application\\/json\"],\"user-agent\":[\"PostmanRuntime\\/7.43.0\"],\"accept\":[\"*\\/*\"],\"cache-control\":[\"no-cache\"],\"postman-token\":[\"4fb460cf-6232-4fa2-9967-738cbaa7d4b8\"],\"host\":[\"127.0.0.1:8000\"],\"accept-encoding\":[\"gzip, deflate, br\"],\"connection\":[\"keep-alive\"],\"content-length\":[\"82\"],\"x-request-id\":[\"a32d388b-5057-42f3-8788-cc24e4a15adf\"]}', '{\"username\":\"ravi.verma+1@ciphersquare.tech\",\"password\":\"*********\",\"request_id\":\"a32d388b-5057-42f3-8788-cc24e4a15adf\"}', '{\"resp_code\":\"RCS\",\"resp_desc\":\"OTP sent successfully\",\"request_id\":\"a32d388b-5057-42f3-8788-cc24e4a15adf\",\"data\":{\"otp_reference\":\"170157966456132025\"}}', 200, '127.0.0.1', '46.48', '2025-01-20 12:27:13', '2025-01-20 12:27:13'),
(120, '46e9d6a9-caa4-4ae1-a16f-ffc587d7c67d', NULL, 'POST', 'http://127.0.0.1:8000/api/v1/login', '{\"content-type\":[\"application\\/json\"],\"user-agent\":[\"PostmanRuntime\\/7.43.0\"],\"accept\":[\"*\\/*\"],\"cache-control\":[\"no-cache\"],\"postman-token\":[\"0e502097-591e-4c14-9e8f-790d76c55e79\"],\"host\":[\"127.0.0.1:8000\"],\"accept-encoding\":[\"gzip, deflate, br\"],\"connection\":[\"keep-alive\"],\"content-length\":[\"82\"],\"x-request-id\":[\"46e9d6a9-caa4-4ae1-a16f-ffc587d7c67d\"]}', '{\"username\":\"ravi.verma+1@ciphersquare.tech\",\"password\":\"*********\",\"request_id\":\"46e9d6a9-caa4-4ae1-a16f-ffc587d7c67d\"}', '{\"resp_code\":\"RCS\",\"resp_desc\":\"OTP sent successfully\",\"request_id\":\"46e9d6a9-caa4-4ae1-a16f-ffc587d7c67d\",\"data\":{\"otp_reference\":\"180100436105052025\"}}', 200, '127.0.0.1', '59.15', '2025-01-20 12:30:05', '2025-01-20 12:30:05'),
(121, '6c34576a-7ff9-4926-b7ff-8ccafa1b7c7f', NULL, 'POST', 'http://127.0.0.1:8000/api/v1/login', '{\"content-type\":[\"application\\/json\"],\"user-agent\":[\"PostmanRuntime\\/7.43.0\"],\"accept\":[\"*\\/*\"],\"cache-control\":[\"no-cache\"],\"postman-token\":[\"22048517-00f9-4cc0-98ad-e1dfc238ea48\"],\"host\":[\"127.0.0.1:8000\"],\"accept-encoding\":[\"gzip, deflate, br\"],\"connection\":[\"keep-alive\"],\"content-length\":[\"82\"],\"x-request-id\":[\"6c34576a-7ff9-4926-b7ff-8ccafa1b7c7f\"]}', '{\"username\":\"ravi.verma+1@ciphersquare.tech\",\"password\":\"*********\",\"request_id\":\"6c34576a-7ff9-4926-b7ff-8ccafa1b7c7f\"}', '{\"resp_code\":\"RCS\",\"resp_desc\":\"OTP sent successfully\",\"request_id\":\"6c34576a-7ff9-4926-b7ff-8ccafa1b7c7f\",\"data\":{\"otp_reference\":\"180100784216392025\"}}', 200, '127.0.0.1', '28.55', '2025-01-20 12:30:39', '2025-01-20 12:30:39'),
(122, '5a391a32-ffae-44e3-bced-72a0ddf8fb43', NULL, 'POST', 'http://127.0.0.1:8000/api/v1/login', '{\"content-type\":[\"application\\/json\"],\"user-agent\":[\"PostmanRuntime\\/7.43.0\"],\"accept\":[\"*\\/*\"],\"cache-control\":[\"no-cache\"],\"postman-token\":[\"7b7f5589-9bb4-4364-bbab-af8c5f6cda3c\"],\"host\":[\"127.0.0.1:8000\"],\"accept-encoding\":[\"gzip, deflate, br\"],\"connection\":[\"keep-alive\"],\"content-length\":[\"82\"],\"x-request-id\":[\"5a391a32-ffae-44e3-bced-72a0ddf8fb43\"]}', '{\"username\":\"ravi.verma+1@ciphersquare.tech\",\"password\":\"*********\",\"request_id\":\"5a391a32-ffae-44e3-bced-72a0ddf8fb43\"}', '{\"resp_code\":\"ERR\",\"resp_desc\":\"OTP limit exceeded, try after 10 min\",\"request_id\":\"5a391a32-ffae-44e3-bced-72a0ddf8fb43\",\"data\":[]}', 500, '127.0.0.1', '48.95', '2025-01-20 12:31:13', '2025-01-20 12:31:13'),
(123, '2588214b-0eeb-434a-a316-0dbb116e820a', NULL, 'POST', 'http://127.0.0.1:8000/api/v1/login', '{\"content-type\":[\"application\\/json\"],\"user-agent\":[\"PostmanRuntime\\/7.43.0\"],\"accept\":[\"*\\/*\"],\"cache-control\":[\"no-cache\"],\"postman-token\":[\"efe4f151-6a4c-4a7b-a339-014c2451cad2\"],\"host\":[\"127.0.0.1:8000\"],\"accept-encoding\":[\"gzip, deflate, br\"],\"connection\":[\"keep-alive\"],\"content-length\":[\"82\"],\"x-request-id\":[\"2588214b-0eeb-434a-a316-0dbb116e820a\"]}', '{\"username\":\"ravi.verma+1@ciphersquare.tech\",\"password\":\"*********\",\"request_id\":\"2588214b-0eeb-434a-a316-0dbb116e820a\"}', '{\"resp_code\":\"ERR\",\"resp_desc\":\"OTP limit exceeded, try after 10 min\",\"request_id\":\"2588214b-0eeb-434a-a316-0dbb116e820a\",\"data\":[]}', 400, '127.0.0.1', '37.35', '2025-01-20 12:31:46', '2025-01-20 12:31:46'),
(124, '227108a3-7492-4579-8801-28a68e74b8fc', NULL, 'POST', 'http://127.0.0.1:8000/api/v1/login', '{\"content-type\":[\"application\\/json\"],\"user-agent\":[\"PostmanRuntime\\/7.43.0\"],\"accept\":[\"*\\/*\"],\"cache-control\":[\"no-cache\"],\"postman-token\":[\"61fbd47c-5e07-4b1d-ac5a-31057ce3fce3\"],\"host\":[\"127.0.0.1:8000\"],\"accept-encoding\":[\"gzip, deflate, br\"],\"connection\":[\"keep-alive\"],\"content-length\":[\"82\"],\"x-request-id\":[\"227108a3-7492-4579-8801-28a68e74b8fc\"]}', '{\"username\":\"ravi.verma+1@ciphersquare.tech\",\"password\":\"*********\",\"request_id\":\"227108a3-7492-4579-8801-28a68e74b8fc\"}', '{\"resp_code\":\"RCS\",\"resp_desc\":\"OTP sent successfully\",\"request_id\":\"227108a3-7492-4579-8801-28a68e74b8fc\",\"data\":{\"otp_reference\":\"180103565379502025\"}}', 200, '127.0.0.1', '47.96', '2025-01-20 12:33:50', '2025-01-20 12:33:50');

-- --------------------------------------------------------

--
-- Table structure for table `roles`
--

DROP TABLE IF EXISTS `roles`;
CREATE TABLE IF NOT EXISTS `roles` (
  `role_id` bigint UNSIGNED NOT NULL AUTO_INCREMENT,
  `role_name` text COLLATE utf8mb4_unicode_ci NOT NULL,
  `role_desc` text COLLATE utf8mb4_unicode_ci NOT NULL,
  `role_type` text COLLATE utf8mb4_unicode_ci NOT NULL,
  PRIMARY KEY (`role_id`)
) ENGINE=MyISAM AUTO_INCREMENT=3 DEFAULT CHARSET=utf8mb4 COLLATE=utf8mb4_unicode_ci;

--
-- Dumping data for table `roles`
--

INSERT INTO `roles` (`role_id`, `role_name`, `role_desc`, `role_type`) VALUES
(1, 'Admin', 'Administrator', 'USER'),
(2, 'User', 'User', 'USER');

-- --------------------------------------------------------

--
-- Table structure for table `system_configs`
--

DROP TABLE IF EXISTS `system_configs`;
CREATE TABLE IF NOT EXISTS `system_configs` (
  `id` bigint UNSIGNED NOT NULL AUTO_INCREMENT,
  `name` varchar(200) COLLATE utf8mb4_unicode_ci NOT NULL,
  `email` varchar(200) COLLATE utf8mb4_unicode_ci NOT NULL,
  `contact` varchar(200) COLLATE utf8mb4_unicode_ci NOT NULL,
  `address` text COLLATE utf8mb4_unicode_ci NOT NULL,
  `image` varchar(191) COLLATE utf8mb4_unicode_ci NOT NULL,
  `created_at` timestamp NULL DEFAULT NULL,
  `updated_at` timestamp NULL DEFAULT NULL,
  PRIMARY KEY (`id`)
) ENGINE=MyISAM AUTO_INCREMENT=2 DEFAULT CHARSET=utf8mb4 COLLATE=utf8mb4_unicode_ci;

--
-- Dumping data for table `system_configs`
--

INSERT INTO `system_configs` (`id`, `name`, `email`, `contact`, `address`, `image`, `created_at`, `updated_at`) VALUES
(1, 'CRM Portal', 'info@test.com', '9876543210', 'New Delhi , Delhi , India ', 'assets/images/company/logo.png', '2024-12-09 07:36:43', NULL);

-- --------------------------------------------------------

--
-- Table structure for table `temp_user_registrations`
--

DROP TABLE IF EXISTS `temp_user_registrations`;
CREATE TABLE IF NOT EXISTS `temp_user_registrations` (
  `id` bigint UNSIGNED NOT NULL AUTO_INCREMENT,
  `registration_id` varchar(100) COLLATE utf8mb4_unicode_ci NOT NULL,
  `name` varchar(191) COLLATE utf8mb4_unicode_ci NOT NULL,
  `email` varchar(191) COLLATE utf8mb4_unicode_ci NOT NULL,
  `mobile` varchar(14) COLLATE utf8mb4_unicode_ci NOT NULL,
  `gender` enum('MALE','FEMALE','OTHERS') COLLATE utf8mb4_unicode_ci NOT NULL DEFAULT 'MALE',
  `dob` date NOT NULL,
  `city` varchar(100) COLLATE utf8mb4_unicode_ci DEFAULT NULL,
  `state` varchar(100) COLLATE utf8mb4_unicode_ci DEFAULT NULL,
  `country` varchar(100) COLLATE utf8mb4_unicode_ci DEFAULT NULL,
  `address` text COLLATE utf8mb4_unicode_ci,
  `password` varchar(191) COLLATE utf8mb4_unicode_ci NOT NULL,
  `is_verified` enum('PENDING','APPROVED') COLLATE utf8mb4_unicode_ci NOT NULL DEFAULT 'PENDING',
  `created_at` datetime DEFAULT NULL,
  `updated_at` datetime DEFAULT NULL,
  PRIMARY KEY (`id`)
) ENGINE=MyISAM AUTO_INCREMENT=2 DEFAULT CHARSET=utf8mb4 COLLATE=utf8mb4_unicode_ci;

--
-- Dumping data for table `temp_user_registrations`
--

INSERT INTO `temp_user_registrations` (`id`, `registration_id`, `name`, `email`, `mobile`, `gender`, `dob`, `city`, `state`, `country`, `address`, `password`, `is_verified`, `created_at`, `updated_at`) VALUES
(1, 'REG202501201059019J07UB', 'ravi', 'ravi.verma+1@ciphersquare.tech', '9876543210', 'MALE', '2012-12-04', 'goa', 'goa', 'India', 'New Delhi , India', 'Ekex2IzW', 'APPROVED', '2025-01-20 10:59:01', '2025-01-20 11:04:49');

-- --------------------------------------------------------

--
-- Table structure for table `users`
--

DROP TABLE IF EXISTS `users`;
CREATE TABLE IF NOT EXISTS `users` (
  `id` bigint UNSIGNED NOT NULL AUTO_INCREMENT,
  `uid` varchar(191) COLLATE utf8mb4_unicode_ci NOT NULL,
  `name` varchar(191) COLLATE utf8mb4_unicode_ci NOT NULL,
  `email` varchar(191) COLLATE utf8mb4_unicode_ci NOT NULL,
  `mobile` varchar(14) COLLATE utf8mb4_unicode_ci NOT NULL,
  `gender` enum('MALE','FEMALE','OTHERS') COLLATE utf8mb4_unicode_ci NOT NULL DEFAULT 'MALE',
  `dob` date NOT NULL,
  `city` varchar(100) COLLATE utf8mb4_unicode_ci DEFAULT NULL,
  `state` varchar(100) COLLATE utf8mb4_unicode_ci DEFAULT NULL,
  `country` varchar(100) COLLATE utf8mb4_unicode_ci DEFAULT NULL,
  `address` text COLLATE utf8mb4_unicode_ci,
  `password` varchar(191) COLLATE utf8mb4_unicode_ci NOT NULL,
  `avatar` varchar(191) COLLATE utf8mb4_unicode_ci NOT NULL,
  `role_id` text COLLATE utf8mb4_unicode_ci NOT NULL,
  `twofa_status` tinyint NOT NULL DEFAULT '1',
  `twofa_config` tinyint NOT NULL,
  `is_deleted` tinyint NOT NULL DEFAULT '0',
  `ref_id` varchar(100) COLLATE utf8mb4_unicode_ci DEFAULT NULL,
  `account_status` enum('PENDING','ACTIVE','INACTIVE','BLOCKED') COLLATE utf8mb4_unicode_ci NOT NULL DEFAULT 'PENDING',
  `created_at` timestamp NOT NULL,
  `created_by` varchar(50) COLLATE utf8mb4_unicode_ci NOT NULL,
  `updated_at` timestamp NULL DEFAULT NULL,
  `updated_by` varchar(50) COLLATE utf8mb4_unicode_ci DEFAULT NULL,
  PRIMARY KEY (`id`),
  UNIQUE KEY `users_email_unique` (`email`),
  UNIQUE KEY `users_mobile_unique` (`mobile`)
) ENGINE=MyISAM AUTO_INCREMENT=6 DEFAULT CHARSET=utf8mb4 COLLATE=utf8mb4_unicode_ci;

--
-- Dumping data for table `users`
--

INSERT INTO `users` (`id`, `uid`, `name`, `email`, `mobile`, `gender`, `dob`, `city`, `state`, `country`, `address`, `password`, `avatar`, `role_id`, `twofa_status`, `twofa_config`, `is_deleted`, `ref_id`, `account_status`, `created_at`, `created_by`, `updated_at`, `updated_by`) VALUES
(1, 'ADM000001', 'Admin', 'ravi.verma@ciphersquare.tech', '7355988863', 'MALE', '2024-12-05', 'Delhi', 'Delhi', 'India (IN)', 'Kirti nagar , New Delhi , India', 'b0dDWW1rRWZBeDVuSXh1MVN0b0wyUT09', 'assets/image/avatar/user.png', '1', 0, 1, 0, NULL, 'ACTIVE', '2024-12-05 06:19:18', 'ADM000001', '2024-12-05 06:19:18', NULL),
(5, 'USR000001', 'ravi', 'ravi.verma+1@ciphersquare.tech', '9876543210', 'MALE', '2012-12-04', 'goa', 'goa', 'India', 'New Delhi , India', 'OHlPNERqRThiUjdkajFWTWZQcVduZz09', 'assets/image/avatar/user.png', '2', 1, 1, 0, 'REG202501201059019J07UB', 'ACTIVE', '2025-01-20 05:34:49', 'USR000001', '2025-01-20 08:30:14', NULL);
COMMIT;

/*!40101 SET CHARACTER_SET_CLIENT=@OLD_CHARACTER_SET_CLIENT */;
/*!40101 SET CHARACTER_SET_RESULTS=@OLD_CHARACTER_SET_RESULTS */;
/*!40101 SET COLLATION_CONNECTION=@OLD_COLLATION_CONNECTION */;
